experiment,axis_sweep,op,dimension,density,sparse_factor,buffer_size,timing_source,d1,d2,num_nodes,num_edges,num_spaces,num_pieces,n,median_us,median_ms,min_us,max_us,speedup_cpu_over_gpu,gpu_tiles_median,gpu_tiles_min,gpu_tiles_max,gpu_oom_backoffs_median,gpu_oom_backoffs_min,gpu_oom_backoffs_max,gpu_host_fallback_median,gpu_host_fallback_min,gpu_host_fallback_max,gpu_input_rects_median,gpu_input_rects_min,gpu_input_rects_max,gpu_scratch_bytes_median,gpu_scratch_bytes_min,gpu_scratch_bytes_max
tile_sweep_dense_axes,log_axis,image,1d,dense,1,1,cpu_source,1,1,1000000,1000000,4,1,3,45938,45.938,45603,46035,1.1811379939834932,,,,,,,,,,,,,,,
tile_sweep_dense_axes,log_axis,image,1d,dense,1,1,gpu_source,1,1,1000000,1000000,4,1,3,38893,38.893,37925,41024,1.1811379939834932,32,32,32,104,104,104,1,1,1,32,32,32,14800000,14800000,14800000
tile_sweep_dense_axes,log_axis,image,1d,dense,1,2,cpu_source,1,1,1000000,1000000,4,1,3,46373,46.373,45891,47127,2.734257075471698,,,,,,,,,,,,,,,
tile_sweep_dense_axes,log_axis,image,1d,dense,1,2,gpu_source,1,1,1000000,1000000,4,1,3,16960,16.96,16221,17909,2.734257075471698,16,16,16,39,39,39,1,1,1,16,16,16,27600001,27600001,27600001
tile_sweep_dense_axes,log_axis,image,1d,dense,1,3,cpu_source,1,1,1000000,1000000,4,1,3,46334,46.334,45515,46538,2.6347094279540544,,,,,,,,,,,,,,,
tile_sweep_dense_axes,log_axis,image,1d,dense,1,3,gpu_source,1,1,1000000,1000000,4,1,3,17586,17.586,17031,18227,2.6347094279540544,16,16,16,39,39,39,1,1,1,16,16,16,40400001,40400001,40400001
tile_sweep_dense_axes,log_axis,image,1d,dense,1,4,cpu_source,1,1,1000000,1000000,4,1,3,46293,46.293,45781,46977,5.189798206278027,,,,,,,,,,,,,,,
tile_sweep_dense_axes,log_axis,image,1d,dense,1,4,gpu_source,1,1,1000000,1000000,4,1,3,8920,8.92,8861,10693,5.189798206278027,8,8,8,14,14,14,1,1,1,8,8,8,53200002,53200002,53200002
tile_sweep_dense_axes,log_axis,image,1d,dense,1,5,cpu_source,1,1,1000000,1000000,4,1,3,45988,45.988,45720,47375,4.874708501165995,,,,,,,,,,,,,,,
tile_sweep_dense_axes,log_axis,image,1d,dense,1,5,gpu_source,1,1,1000000,1000000,4,1,3,9434,9.434,9258,9569,4.874708501165995,8,8,8,14,14,14,1,1,1,8,8,8,66000003,66000003,66000003
tile_sweep_dense_axes,log_axis,image,1d,dense,1,7,cpu_source,1,1,1000000,1000000,4,1,3,46229,46.229,45435,46252,9.10378101614809,,,,,,,,,,,,,,,
tile_sweep_dense_axes,log_axis,image,1d,dense,1,7,gpu_source,1,1,1000000,1000000,4,1,3,5078,5.078,4642,5086,9.10378101614809,4,4,4,5,5,5,1,1,1,4,4,4,91600004,91600004,91600004
tile_sweep_dense_axes,log_axis,image,1d,dense,1,10,cpu_source,1,1,1000000,1000000,4,1,3,47121,47.121,46123,49990,9.42608521704341,,,,,,,,,,,,,,,
tile_sweep_dense_axes,log_axis,image,1d,dense,1,10,gpu_source,1,1,1000000,1000000,4,1,3,4999,4.999,4715,5132,9.42608521704341,4,4,4,5,5,5,1,1,1,4,4,4,130000006,130000006,130000006
tile_sweep_dense_axes,log_axis,image,1d,dense,1,15,cpu_source,1,1,1000000,1000000,4,1,3,46382,46.382,45843,46634,13.455758630693357,,,,,,,,,,,,,,,
tile_sweep_dense_axes,log_axis,image,1d,dense,1,15,gpu_source,1,1,1000000,1000000,4,1,3,3447,3.447,3414,3462,13.455758630693357,2,2,2,2,2,2,1,1,1,2,2,2,194000009,194000009,194000009
tile_sweep_dense_axes,log_axis,image,1d,dense,1,20,cpu_source,1,1,1000000,1000000,4,1,3,46030,46.03,45863,47326,14.12829957028852,,,,,,,,,,,,,,,
tile_sweep_dense_axes,log_axis,image,1d,dense,1,20,gpu_source,1,1,1000000,1000000,4,1,3,3258,3.258,3083,3625,14.12829957028852,2,2,2,2,2,2,1,1,1,2,2,2,258000012,258000012,258000012
tile_sweep_dense_axes,log_axis,image,1d,dense,1,25,cpu_source,1,1,1000000,1000000,4,1,3,46383,46.383,46107,46800,13.173246236864527,,,,,,,,,,,,,,,
tile_sweep_dense_axes,log_axis,image,1d,dense,1,25,gpu_source,1,1,1000000,1000000,4,1,3,3521,3.521,3317,3547,13.173246236864527,2,2,2,2,2,2,1,1,1,2,2,2,322000016,322000016,322000016
tile_sweep_dense_axes,log_axis,image,1d,dense,1,30,cpu_source,1,1,1000000,1000000,4,1,3,45763,45.763,45574,45978,15.502371273712738,,,,,,,,,,,,,,,
tile_sweep_dense_axes,log_axis,image,1d,dense,1,30,gpu_source,1,1,1000000,1000000,4,1,3,2952,2.952,2552,3039,15.502371273712738,1,1,1,0,0,0,0,0,0,1,1,1,386000019,386000019,386000019
tile_sweep_dense_axes,log_axis,image,1d,dense,1,40,cpu_source,1,1,1000000,1000000,4,1,3,46704,46.704,46455,47016,15.620066889632106,,,,,,,,,,,,,,,
tile_sweep_dense_axes,log_axis,image,1d,dense,1,40,gpu_source,1,1,1000000,1000000,4,1,3,2990,2.99,2148,3303,15.620066889632106,1,1,1,0,0,0,0,0,0,1,1,1,514000025,514000025,514000025
tile_sweep_dense_axes,log_axis,image,1d,dense,1,50,cpu_source,1,1,1000000,1000000,4,1,3,46378,46.378,46376,46721,15.382421227197346,,,,,,,,,,,,,,,
tile_sweep_dense_axes,log_axis,image,1d,dense,1,50,gpu_source,1,1,1000000,1000000,4,1,3,3015,3.015,2771,3581,15.382421227197346,1,1,1,0,0,0,0,0,0,1,1,1,642000032,642000032,642000032
tile_sweep_dense_axes,log_axis,image,1d,dense,1,75,cpu_source,1,1,1000000,1000000,4,1,3,46530,46.53,45886,46703,16.017211703958694,,,,,,,,,,,,,,,
tile_sweep_dense_axes,log_axis,image,1d,dense,1,75,gpu_source,1,1,1000000,1000000,4,1,3,2905,2.905,2795,2934,16.017211703958694,1,1,1,0,0,0,0,0,0,1,1,1,962000048,962000048,962000048
tile_sweep_dense_axes,log_axis,image,1d,dense,1,100,cpu_source,1,1,1000000,1000000,4,1,3,45866,45.866,45798,45964,15.319305277221108,,,,,,,,,,,,,,,
tile_sweep_dense_axes,log_axis,image,1d,dense,1,100,gpu_source,1,1,1000000,1000000,4,1,3,2994,2.994,2628,3054,15.319305277221108,1,1,1,0,0,0,0,0,0,1,1,1,1282000064,1282000064,1282000064
tile_sweep_dense_axes,log_axis,image,1d,sparse,5,1,cpu_source,1,1,1000000,1000000,4,1,3,42463,42.463,41806,42477,15.357323688969258,,,,,,,,,,,,,,,
tile_sweep_dense_axes,log_axis,image,1d,sparse,5,1,gpu_source,1,1,1000000,1000000,4,1,3,2765,2.765,2670,3094,15.357323688969258,1,1,1,0,0,0,0,0,0,1,1,1,28050199,28050199,28050199
tile_sweep_dense_axes,log_axis,image,1d,sparse,5,2,cpu_source,1,1,1000000,1000000,4,1,3,41265,41.265,41183,44526,13.973924822214697,,,,,,,,,,,,,,,
tile_sweep_dense_axes,log_axis,image,1d,sparse,5,2,gpu_source,1,1,1000000,1000000,4,1,3,2953,2.953,1765,3137,13.973924822214697,1,1,1,0,0,0,0,0,0,1,1,1,40880639,40880639,40880639
tile_sweep_dense_axes,log_axis,image,1d,sparse,5,3,cpu_source,1,1,1000000,1000000,4,1,3,41742,41.742,41460,41775,14.988150807899462,,,,,,,,,,,,,,,
tile_sweep_dense_axes,log_axis,image,1d,sparse,5,3,gpu_source,1,1,1000000,1000000,4,1,3,2785,2.785,2560,3065,14.988150807899462,1,1,1,0,0,0,0,0,0,1,1,1,53711078,53711078,53711078
tile_sweep_dense_axes,log_axis,image,1d,sparse,5,4,cpu_source,1,1,1000000,1000000,4,1,3,41421,41.421,41297,41534,23.860023041474655,,,,,,,,,,,,,,,
tile_sweep_dense_axes,log_axis,image,1d,sparse,5,4,gpu_source,1,1,1000000,1000000,4,1,3,1736,1.736,1647,3085,23.860023041474655,1,1,1,0,0,0,0,0,0,1,1,1,66541518,66541518,66541518
tile_sweep_dense_axes,log_axis,image,1d,sparse,5,5,cpu_source,1,1,1000000,1000000,4,1,3,41776,41.776,41728,42009,14.137394247038918,,,,,,,,,,,,,,,
tile_sweep_dense_axes,log_axis,image,1d,sparse,5,5,gpu_source,1,1,1000000,1000000,4,1,3,2955,2.955,2724,2986,14.137394247038918,1,1,1,0,0,0,0,0,0,1,1,1,79371957,79371957,79371957
tile_sweep_dense_axes,log_axis,image,1d,sparse,5,7,cpu_source,1,1,1000000,1000000,4,1,3,41496,41.496,41288,41535,24.48141592920354,,,,,,,,,,,,,,,
tile_sweep_dense_axes,log_axis,image,1d,sparse,5,7,gpu_source,1,1,1000000,1000000,4,1,3,1695,1.695,1622,2888,24.48141592920354,1,1,1,0,0,0,0,0,0,1,1,1,105032836,105032836,105032836
tile_sweep_dense_axes,log_axis,image,1d,sparse,5,10,cpu_source,1,1,1000000,1000000,4,1,3,41591,41.591,41070,41653,14.748581560283688,,,,,,,,,,,,,,,
tile_sweep_dense_axes,log_axis,image,1d,sparse,5,10,gpu_source,1,1,1000000,1000000,4,1,3,2820,2.82,2575,3144,14.748581560283688,1,1,1,0,0,0,0,0,0,1,1,1,143524155,143524155,143524155
tile_sweep_dense_axes,log_axis,image,1d,sparse,5,15,cpu_source,1,1,1000000,1000000,4,1,3,41341,41.341,41160,41662,24.534718100890206,,,,,,,,,,,,,,,
tile_sweep_dense_axes,log_axis,image,1d,sparse,5,15,gpu_source,1,1,1000000,1000000,4,1,3,1685,1.685,1652,2787,24.534718100890206,1,1,1,0,0,0,0,0,0,1,1,1,207676352,207676352,207676352
tile_sweep_dense_axes,log_axis,image,1d,sparse,5,20,cpu_source,1,1,1000000,1000000,4,1,3,41712,41.712,41347,42390,13.525291828793774,,,,,,,,,,,,,,,
tile_sweep_dense_axes,log_axis,image,1d,sparse,5,20,gpu_source,1,1,1000000,1000000,4,1,3,3084,3.084,2862,3106,13.525291828793774,1,1,1,0,0,0,0,0,0,1,1,1,271828550,271828550,271828550
tile_sweep_dense_axes,log_axis,image,1d,sparse,5,25,cpu_source,1,1,1000000,1000000,4,1,3,41298,41.298,41239,41518,15.312569521690767,,,,,,,,,,,,,,,
tile_sweep_dense_axes,log_axis,image,1d,sparse,5,25,gpu_source,1,1,1000000,1000000,4,1,3,2697,2.697,2350,3028,15.312569521690767,1,1,1,0,0,0,0,0,0,1,1,1,335980748,335980748,335980748
tile_sweep_dense_axes,log_axis,image,1d,sparse,5,30,cpu_source,1,1,1000000,1000000,4,1,3,42529,42.529,42056,44501,13.853094462540717,,,,,,,,,,,,,,,
tile_sweep_dense_axes,log_axis,image,1d,sparse,5,30,gpu_source,1,1,1000000,1000000,4,1,3,3070,3.07,2961,3270,13.853094462540717,1,1,1,0,0,0,0,0,0,1,1,1,400132945,400132945,400132945
tile_sweep_dense_axes,log_axis,image,1d,sparse,5,40,cpu_source,1,1,1000000,1000000,4,1,3,41408,41.408,41265,42517,23.729512893982807,,,,,,,,,,,,,,,
tile_sweep_dense_axes,log_axis,image,1d,sparse,5,40,gpu_source,1,1,1000000,1000000,4,1,3,1745,1.745,1735,3103,23.729512893982807,1,1,1,0,0,0,0,0,0,1,1,1,528437340,528437340,528437340
tile_sweep_dense_axes,log_axis,image,1d,sparse,5,50,cpu_source,1,1,1000000,1000000,4,1,3,44196,44.196,41174,44476,14.840832773673606,,,,,,,,,,,,,,,
tile_sweep_dense_axes,log_axis,image,1d,sparse,5,50,gpu_source,1,1,1000000,1000000,4,1,3,2978,2.978,2787,2992,14.840832773673606,1,1,1,0,0,0,0,0,0,1,1,1,656741736,656741736,656741736
tile_sweep_dense_axes,log_axis,image,1d,sparse,5,75,cpu_source,1,1,1000000,1000000,4,1,3,41604,41.604,41531,41929,13.53856166612431,,,,,,,,,,,,,,,
tile_sweep_dense_axes,log_axis,image,1d,sparse,5,75,gpu_source,1,1,1000000,1000000,4,1,3,3073,3.073,1725,3252,13.53856166612431,1,1,1,0,0,0,0,0,0,1,1,1,977502724,977502724,977502724
tile_sweep_dense_axes,log_axis,image,1d,sparse,5,100,cpu_source,1,1,1000000,1000000,4,1,3,41561,41.561,41119,41640,15.554266467065869,,,,,,,,,,,,,,,
tile_sweep_dense_axes,log_axis,image,1d,sparse,5,100,gpu_source,1,1,1000000,1000000,4,1,3,2672,2.672,2512,2794,15.554266467065869,1,1,1,0,0,0,0,0,0,1,1,1,1298263712,1298263712,1298263712
tile_sweep_dense_axes,log_axis,image,2d,dense,1,1,cpu_source,2,2,1000,1000,4,1,3,249850,249.85,249499,252915,1.633796738291723,,,,,,,,,,,,,,,
tile_sweep_dense_axes,log_axis,image,2d,dense,1,1,gpu_source,2,2,1000,1000,4,1,3,152926,152.926,150216,155438,1.633796738291723,32,32,32,104,104,104,1,1,1,32,32,32,21200001,21200001,21200001
tile_sweep_dense_axes,log_axis,image,2d,dense,1,2,cpu_source,2,2,1000,1000,4,1,3,250218,250.218,249194,256705,2.002785448433185,,,,,,,,,,,,,,,
tile_sweep_dense_axes,log_axis,image,2d,dense,1,2,gpu_source,2,2,1000,1000,4,1,3,124935,124.935,124398,125774,2.002785448433185,16,16,16,39,39,39,1,1,1,16,16,16,40400002,40400002,40400002
tile_sweep_dense_axes,log_axis,image,2d,dense,1,3,cpu_source,2,2,1000,1000,4,1,3,249064,249.064,247737,251678,2.0170391966310333,,,,,,,,,,,,,,,
tile_sweep_dense_axes,log_axis,image,2d,dense,1,3,gpu_source,2,2,1000,1000,4,1,3,123480,123.48,121376,123930,2.0170391966310333,8,8,8,14,14,14,1,1,1,8,8,8,59600003,59600003,59600003
tile_sweep_dense_axes,log_axis,image,2d,dense,1,4,cpu_source,2,2,1000,1000,4,1,3,251174,251.174,251148,252091,2.063251106894371,,,,,,,,,,,,,,,
tile_sweep_dense_axes,log_axis,image,2d,dense,1,4,gpu_source,2,2,1000,1000,4,1,3,121737,121.737,121130,124411,2.063251106894371,8,8,8,14,14,14,1,1,1,8,8,8,78800005,78800005,78800005
tile_sweep_dense_axes,log_axis,image,2d,dense,1,5,cpu_source,2,2,1000,1000,4,1,3,250692,250.692,250256,251539,2.025139348897326,,,,,,,,,,,,,,,
tile_sweep_dense_axes,log_axis,image,2d,dense,1,5,gpu_source,2,2,1000,1000,4,1,3,123790,123.79,123003,124569,2.025139348897326,8,8,8,14,14,14,1,1,1,8,8,8,98000006,98000006,98000006
tile_sweep_dense_axes,log_axis,image,2d,dense,1,7,cpu_source,2,2,1000,1000,4,1,3,253173,253.173,253147,261528,2.884702155781414,,,,,,,,,,,,,,,
tile_sweep_dense_axes,log_axis,image,2d,dense,1,7,gpu_source,2,2,1000,1000,4,1,3,87764,87.764,87754,90799,2.884702155781414,4,4,4,5,5,5,1,1,1,4,4,4,136400008,136400008,136400008
tile_sweep_dense_axes,log_axis,image,2d,dense,1,10,cpu_source,2,2,1000,1000,4,1,3,250602,250.602,247246,251705,2.795243884755669,,,,,,,,,,,,,,,
tile_sweep_dense_axes,log_axis,image,2d,dense,1,10,gpu_source,2,2,1000,1000,4,1,3,89653,89.653,89291,90236,2.795243884755669,4,4,4,5,5,5,1,1,1,4,4,4,194000012,194000012,194000012
tile_sweep_dense_axes,log_axis,image,2d,dense,1,15,cpu_source,2,2,1000,1000,4,1,3,256199,256.199,249006,258564,4.269342931893549,,,,,,,,,,,,,,,
tile_sweep_dense_axes,log_axis,image,2d,dense,1,15,gpu_source,2,2,1000,1000,4,1,3,60009,60.009,59600,60240,4.269342931893549,2,2,2,2,2,2,1,1,1,2,2,2,290000019,290000019,290000019
tile_sweep_dense_axes,log_axis,image,2d,dense,1,20,cpu_source,2,2,1000,1000,4,1,3,248821,248.821,248528,249659,4.0756920556920555,,,,,,,,,,,,,,,
tile_sweep_dense_axes,log_axis,image,2d,dense,1,20,gpu_source,2,2,1000,1000,4,1,3,61050,61.05,59923,61564,4.0756920556920555,2,2,2,2,2,2,1,1,1,2,2,2,386000025,386000025,386000025
tile_sweep_dense_axes,log_axis,image,2d,dense,1,25,cpu_source,2,2,1000,1000,4,1,3,249932,249.932,248719,256111,77.98190327613105,,,,,,,,,,,,,,,
tile_sweep_dense_axes,log_axis,image,2d,dense,1,25,gpu_source,2,2,1000,1000,4,1,3,3205,3.205,3173,3309,77.98190327613105,1,1,1,0,0,0,0,0,0,1,1,1,482000032,482000032,482000032
tile_sweep_dense_axes,log_axis,image,2d,dense,1,30,cpu_source,2,2,1000,1000,4,1,3,250522,250.522,248804,251474,78.60746783809225,,,,,,,,,,,,,,,
tile_sweep_dense_axes,log_axis,image,2d,dense,1,30,gpu_source,2,2,1000,1000,4,1,3,3187,3.187,3121,3236,78.60746783809225,1,1,1,0,0,0,0,0,0,1,1,1,578000038,578000038,578000038
tile_sweep_dense_axes,log_axis,image,2d,dense,1,40,cpu_source,2,2,1000,1000,4,1,3,250326,250.326,249819,252973,75.5131221719457,,,,,,,,,,,,,,,
tile_sweep_dense_axes,log_axis,image,2d,dense,1,40,gpu_source,2,2,1000,1000,4,1,3,3315,3.315,3306,3513,75.5131221719457,1,1,1,0,0,0,0,0,0,1,1,1,770000051,770000051,770000051
tile_sweep_dense_axes,log_axis,image,2d,dense,1,50,cpu_source,2,2,1000,1000,4,1,3,250054,250.054,250025,251143,80.58459555269094,,,,,,,,,,,,,,,
tile_sweep_dense_axes,log_axis,image,2d,dense,1,50,gpu_source,2,2,1000,1000,4,1,3,3103,3.103,3073,3125,80.58459555269094,1,1,1,0,0,0,0,0,0,1,1,1,962000064,962000064,962000064
tile_sweep_dense_axes,log_axis,image,2d,dense,1,75,cpu_source,2,2,1000,1000,4,1,3,250540,250.54,249062,254695,76.97081413210445,,,,,,,,,,,,,,,
tile_sweep_dense_axes,log_axis,image,2d,dense,1,75,gpu_source,2,2,1000,1000,4,1,3,3255,3.255,3190,3298,76.97081413210445,1,1,1,0,0,0,0,0,0,1,1,1,1442000096,1442000096,1442000096
tile_sweep_dense_axes,log_axis,image,2d,dense,1,100,cpu_source,2,2,1000,1000,4,1,3,250715,250.715,249991,260175,76.48413666870043,,,,,,,,,,,,,,,
tile_sweep_dense_axes,log_axis,image,2d,dense,1,100,gpu_source,2,2,1000,1000,4,1,3,3278,3.278,3222,3381,76.48413666870043,1,1,1,0,0,0,0,0,0,1,1,1,1922000128,1922000128,1922000128
tile_sweep_dense_axes,log_axis,image,2d,sparse,5,1,cpu_source,2,2,1000,1000,4,1,3,20100234,20100.234,20026146,20133737,9710.257971014493,,,,,,,,,,,,,,,
tile_sweep_dense_axes,log_axis,image,2d,sparse,5,1,gpu_source,2,2,1000,1000,4,1,3,2070,2.07,2028,2107,9710.257971014493,1,1,1,0,0,0,0,0,0,1,1,1,38202417,38202417,38202417
tile_sweep_dense_axes,log_axis,image,2d,sparse,5,2,cpu_source,2,2,1000,1000,4,1,3,20020335,20020.335,19953429,20039389,9867.094627895514,,,,,,,,,,,,,,,
tile_sweep_dense_axes,log_axis,image,2d,sparse,5,2,gpu_source,2,2,1000,1000,4,1,3,2029,2.029,2002,2120,9867.094627895514,1,1,1,0,0,0,0,0,0,1,1,1,57460707,57460707,57460707
tile_sweep_dense_axes,log_axis,image,2d,sparse,5,3,cpu_source,2,2,1000,1000,4,1,3,20124956,20124.956,20055629,20180405,9360.44465116279,,,,,,,,,,,,,,,
tile_sweep_dense_axes,log_axis,image,2d,sparse,5,3,gpu_source,2,2,1000,1000,4,1,3,2150,2.15,2086,2370,9360.44465116279,1,1,1,0,0,0,0,0,0,1,1,1,76718996,76718996,76718996
tile_sweep_dense_axes,log_axis,image,2d,sparse,5,4,cpu_source,2,2,1000,1000,4,1,3,19935608,19935.608,19923937,20008789,9654.047457627119,,,,,,,,,,,,,,,
tile_sweep_dense_axes,log_axis,image,2d,sparse,5,4,gpu_source,2,2,1000,1000,4,1,3,2065,2.065,2059,2198,9654.047457627119,1,1,1,0,0,0,0,0,0,1,1,1,95977286,95977286,95977286
tile_sweep_dense_axes,log_axis,image,2d,sparse,5,5,cpu_source,2,2,1000,1000,4,1,3,20124003,20124.003,20062091,20145151,9528.410511363636,,,,,,,,,,,,,,,
tile_sweep_dense_axes,log_axis,image,2d,sparse,5,5,gpu_source,2,2,1000,1000,4,1,3,2112,2.112,2110,2521,9528.410511363636,1,1,1,0,0,0,0,0,0,1,1,1,115235576,115235576,115235576
tile_sweep_dense_axes,log_axis,image,2d,sparse,5,7,cpu_source,2,2,1000,1000,4,1,3,19953681,19953.681,19948137,19964082,9625.509406657018,,,,,,,,,,,,,,,
tile_sweep_dense_axes,log_axis,image,2d,sparse,5,7,gpu_source,2,2,1000,1000,4,1,3,2073,2.073,2004,2095,9625.509406657018,1,1,1,0,0,0,0,0,0,1,1,1,153752155,153752155,153752155
tile_sweep_dense_axes,log_axis,image,2d,sparse,5,10,cpu_source,2,2,1000,1000,4,1,3,20062563,20062.563,20024544,20117209,9436.7652869238,,,,,,,,,,,,,,,
tile_sweep_dense_axes,log_axis,image,2d,sparse,5,10,gpu_source,2,2,1000,1000,4,1,3,2126,2.126,2034,2153,9436.7652869238,1,1,1,0,0,0,0,0,0,1,1,1,211527024,211527024,211527024
tile_sweep_dense_axes,log_axis,image,2d,sparse,5,15,cpu_source,2,2,1000,1000,4,1,3,19945541,19945.541,19906140,19958023,9820.551944854751,,,,,,,,,,,,,,,
tile_sweep_dense_axes,log_axis,image,2d,sparse,5,15,gpu_source,2,2,1000,1000,4,1,3,2031,2.031,2003,2048,9820.551944854751,1,1,1,0,0,0,0,0,0,1,1,1,307818472,307818472,307818472
tile_sweep_dense_axes,log_axis,image,2d,sparse,5,20,cpu_source,2,2,1000,1000,4,1,3,20061077,20061.077,20045674,20137744,9584.843287147634,,,,,,,,,,,,,,,
tile_sweep_dense_axes,log_axis,image,2d,sparse,5,20,gpu_source,2,2,1000,1000,4,1,3,2093,2.093,2043,2113,9584.843287147634,1,1,1,0,0,0,0,0,0,1,1,1,404109920,404109920,404109920
tile_sweep_dense_axes,log_axis,image,2d,sparse,5,25,cpu_source,2,2,1000,1000,4,1,3,19950160,19950.16,19935051,19997413,9793.892979872362,,,,,,,,,,,,,,,
tile_sweep_dense_axes,log_axis,image,2d,sparse,5,25,gpu_source,2,2,1000,1000,4,1,3,2037,2.037,2030,2174,9793.892979872362,1,1,1,0,0,0,0,0,0,1,1,1,500401368,500401368,500401368
tile_sweep_dense_axes,log_axis,image,2d,sparse,5,30,cpu_source,2,2,1000,1000,4,1,3,20085536,20085.536,20019494,20114203,9492.219281663516,,,,,,,,,,,,,,,
tile_sweep_dense_axes,log_axis,image,2d,sparse,5,30,gpu_source,2,2,1000,1000,4,1,3,2116,2.116,2075,2139,9492.219281663516,1,1,1,0,0,0,0,0,0,1,1,1,596692816,596692816,596692816
tile_sweep_dense_axes,log_axis,image,2d,sparse,5,40,cpu_source,2,2,1000,1000,4,1,3,19947892,19947.892,19944669,20011412,10014.002008032128,,,,,,,,,,,,,,,
tile_sweep_dense_axes,log_axis,image,2d,sparse,5,40,gpu_source,2,2,1000,1000,4,1,3,1992,1.992,1981,2166,10014.002008032128,1,1,1,0,0,0,0,0,0,1,1,1,789275712,789275712,789275712
tile_sweep_dense_axes,log_axis,image,2d,sparse,5,50,cpu_source,2,2,1000,1000,4,1,3,20108468,20108.468,20051032,20177679,9570.90337934317,,,,,,,,,,,,,,,
tile_sweep_dense_axes,log_axis,image,2d,sparse,5,50,gpu_source,2,2,1000,1000,4,1,3,2101,2.101,2083,2135,9570.90337934317,1,1,1,0,0,0,0,0,0,1,1,1,981858608,981858608,981858608
tile_sweep_dense_axes,log_axis,image,2d,sparse,5,75,cpu_source,2,2,1000,1000,4,1,3,19940482,19940.482,19916637,19942018,9665.769268056229,,,,,,,,,,,,,,,
tile_sweep_dense_axes,log_axis,image,2d,sparse,5,75,gpu_source,2,2,1000,1000,4,1,3,2063,2.063,1995,2065,9665.769268056229,1,1,1,0,0,0,0,0,0,1,1,1,1463315848,1463315848,1463315848
tile_sweep_dense_axes,log_axis,image,2d,sparse,5,100,cpu_source,2,2,1000,1000,4,1,3,20066230,20066.23,19996262,20122012,9376.742990654206,,,,,,,,,,,,,,,
tile_sweep_dense_axes,log_axis,image,2d,sparse,5,100,gpu_source,2,2,1000,1000,4,1,3,2140,2.14,2042,2364,9376.742990654206,1,1,1,0,0,0,0,0,0,1,1,1,1944773088,1944773088,1944773088
tile_sweep_dense_axes,log_axis,image,3d,dense,1,1,cpu_source,3,3,100,100,4,1,3,4611967,4611.967,4572285,4614862,4.449334910356644,,,,,,,,,,,,,,,
tile_sweep_dense_axes,log_axis,image,3d,dense,1,1,gpu_source,3,3,100,100,4,1,3,1036552,1036.552,1030412,1038510,4.449334910356644,32,32,32,104,104,104,1,1,1,32,32,32,27600001,27600001,27600001
tile_sweep_dense_axes,log_axis,image,3d,dense,1,2,cpu_source,3,3,100,100,4,1,3,4618562,4618.562,4613990,4632116,3.1113223397153265,,,,,,,,,,,,,,,
tile_sweep_dense_axes,log_axis,image,3d,dense,1,2,gpu_source,3,3,100,100,4,1,3,1484437,1484.437,1481935,1488199,3.1113223397153265,16,16,16,39,39,39,1,1,1,16,16,16,53200003,53200003,53200003
tile_sweep_dense_axes,log_axis,image,3d,dense,1,3,cpu_source,3,3,100,100,4,1,3,4567598,4567.598,4555751,4580430,3.246183728280174,,,,,,,,,,,,,,,
tile_sweep_dense_axes,log_axis,image,3d,dense,1,3,gpu_source,3,3,100,100,4,1,3,1407067,1407.067,1400166,1410716,3.246183728280174,8,8,8,14,14,14,1,1,1,8,8,8,78800005,78800005,78800005
tile_sweep_dense_axes,log_axis,image,3d,dense,1,4,cpu_source,3,3,100,100,4,1,3,4625566,4625.566,4614324,4652978,3.3003641729193482,,,,,,,,,,,,,,,
tile_sweep_dense_axes,log_axis,image,3d,dense,1,4,gpu_source,3,3,100,100,4,1,3,1401532,1401.532,1401394,1407388,3.3003641729193482,8,8,8,14,14,14,1,1,1,8,8,8,104400007,104400007,104400007
tile_sweep_dense_axes,log_axis,image,3d,dense,1,5,cpu_source,3,3,100,100,4,1,3,4602699,4602.699,4565827,4609378,3.2639458956546896,,,,,,,,,,,,,,,
tile_sweep_dense_axes,log_axis,image,3d,dense,1,5,gpu_source,3,3,100,100,4,1,3,1410164,1410.164,1406369,1411734,3.2639458956546896,8,8,8,14,14,14,1,1,1,8,8,8,130000009,130000009,130000009
tile_sweep_dense_axes,log_axis,image,3d,dense,1,7,cpu_source,3,3,100,100,4,1,3,4628071,4628.071,4596195,4642665,2.4390888024457973,,,,,,,,,,,,,,,
tile_sweep_dense_axes,log_axis,image,3d,dense,1,7,gpu_source,3,3,100,100,4,1,3,1897459,1897.459,1889547,1905354,2.4390888024457973,4,4,4,5,5,5,1,1,1,4,4,4,181200013,181200013,181200013
tile_sweep_dense_axes,log_axis,image,3d,dense,1,10,cpu_source,3,3,100,100,4,1,3,4597370,4597.37,4562667,4648704,2.400497291629899,,,,,,,,,,,,,,,
tile_sweep_dense_axes,log_axis,image,3d,dense,1,10,gpu_source,3,3,100,100,4,1,3,1915174,1915.174,1908106,1921471,2.400497291629899,4,4,4,5,5,5,1,1,1,4,4,4,258000019,258000019,258000019
tile_sweep_dense_axes,log_axis,image,3d,dense,1,15,cpu_source,3,3,100,100,4,1,3,4641233,4641.233,4612779,4644763,2.999097924904187,,,,,,,,,,,,,,,
tile_sweep_dense_axes,log_axis,image,3d,dense,1,15,gpu_source,3,3,100,100,4,1,3,1547543,1547.543,1545448,1549631,2.999097924904187,2,2,2,2,2,2,1,1,1,2,2,2,386000028,386000028,386000028
tile_sweep_dense_axes,log_axis,image,3d,dense,1,20,cpu_source,3,3,100,100,4,1,3,4586388,4586.388,4566495,4626232,2.9520369971067852,,,,,,,,,,,,,,,
tile_sweep_dense_axes,log_axis,image,3d,dense,1,20,gpu_source,3,3,100,100,4,1,3,1553635,1553.635,1547779,1561065,2.9520369971067852,2,2,2,2,2,2,1,1,1,2,2,2,514000038,514000038,514000038
tile_sweep_dense_axes,log_axis,image,3d,dense,1,25,cpu_source,3,3,100,100,4,1,3,4614520,4614.52,4586816,4623602,703.8621110433191,,,,,,,,,,,,,,,
tile_sweep_dense_axes,log_axis,image,3d,dense,1,25,gpu_source,3,3,100,100,4,1,3,6556,6.556,6531,6647,703.8621110433191,1,1,1,0,0,0,0,0,0,1,1,1,642000048,642000048,642000048
tile_sweep_dense_axes,log_axis,image,3d,dense,1,30,cpu_source,3,3,100,100,4,1,3,4632846,4632.846,4549240,4659023,701.2026638413804,,,,,,,,,,,,,,,
tile_sweep_dense_axes,log_axis,image,3d,dense,1,30,gpu_source,3,3,100,100,4,1,3,6607,6.607,6548,6664,701.2026638413804,1,1,1,0,0,0,0,0,0,1,1,1,770000057,770000057,770000057
tile_sweep_dense_axes,log_axis,image,3d,dense,1,40,cpu_source,3,3,100,100,4,1,3,4619332,4619.332,4612992,4623716,700.4294162244124,,,,,,,,,,,,,,,
tile_sweep_dense_axes,log_axis,image,3d,dense,1,40,gpu_source,3,3,100,100,4,1,3,6595,6.595,6535,6753,700.4294162244124,1,1,1,0,0,0,0,0,0,1,1,1,1026000076,1026000076,1026000076
tile_sweep_dense_axes,log_axis,image,3d,dense,1,50,cpu_source,3,3,100,100,4,1,3,4570097,4570.097,4556618,4593264,691.1822444041137,,,,,,,,,,,,,,,
tile_sweep_dense_axes,log_axis,image,3d,dense,1,50,gpu_source,3,3,100,100,4,1,3,6612,6.612,6509,6652,691.1822444041137,1,1,1,0,0,0,0,0,0,1,1,1,1282000096,1282000096,1282000096
tile_sweep_dense_axes,log_axis,image,3d,dense,1,75,cpu_source,3,3,100,100,4,1,3,4607540,4607.54,4600614,4627465,703.2264957264957,,,,,,,,,,,,,,,
tile_sweep_dense_axes,log_axis,image,3d,dense,1,75,gpu_source,3,3,100,100,4,1,3,6552,6.552,6509,6676,703.2264957264957,1,1,1,0,0,0,0,0,0,1,1,1,1922000144,1922000144,1922000144
tile_sweep_dense_axes,log_axis,image,3d,dense,1,100,cpu_source,3,3,100,100,4,1,3,4561053,4561.053,4559764,4581990,686.1821874529863,,,,,,,,,,,,,,,
tile_sweep_dense_axes,log_axis,image,3d,dense,1,100,gpu_source,3,3,100,100,4,1,3,6647,6.647,6583,6649,686.1821874529863,1,1,1,0,0,0,0,0,0,1,1,1,2562000192,2562000192,2562000192
tile_sweep_dense_axes,log_axis,image,3d,sparse,5,1,cpu_source,3,3,100,100,4,1,3,37567691,37567.691,37469096,37576193,9709.92271904885,,,,,,,,,,,,,,,
tile_sweep_dense_axes,log_axis,image,3d,sparse,5,1,gpu_source,3,3,100,100,4,1,3,3869,3.869,3203,3892,9709.92271904885,1,1,1,0,0,0,0,0,0,1,1,1,48138234,48138234,48138234
tile_sweep_dense_axes,log_axis,image,3d,sparse,5,2,cpu_source,3,3,100,100,4,1,3,37202491,37202.491,37146857,37301807,10046.581420469889,,,,,,,,,,,,,,,
tile_sweep_dense_axes,log_axis,image,3d,sparse,5,2,gpu_source,3,3,100,100,4,1,3,3703,3.703,3658,3953,10046.581420469889,1,1,1,0,0,0,0,0,0,1,1,1,73822437,73822437,73822437
tile_sweep_dense_axes,log_axis,image,3d,sparse,5,3,cpu_source,3,3,100,100,4,1,3,37477888,37477.888,37409314,37736497,9803.266544598482,,,,,,,,,,,,,,,
tile_sweep_dense_axes,log_axis,image,3d,sparse,5,3,gpu_source,3,3,100,100,4,1,3,3823,3.823,3823,3851,9803.266544598482,1,1,1,0,0,0,0,0,0,1,1,1,99506639,99506639,99506639
tile_sweep_dense_axes,log_axis,image,3d,sparse,5,4,cpu_source,3,3,100,100,4,1,3,37158653,37158.653,37139855,37289346,9765.743232588698,,,,,,,,,,,,,,,
tile_sweep_dense_axes,log_axis,image,3d,sparse,5,4,gpu_source,3,3,100,100,4,1,3,3805,3.805,3739,3837,9765.743232588698,1,1,1,0,0,0,0,0,0,1,1,1,125190842,125190842,125190842
tile_sweep_dense_axes,log_axis,image,3d,sparse,5,5,cpu_source,3,3,100,100,4,1,3,37604149,37604.149,37369877,37608129,9880.228323699423,,,,,,,,,,,,,,,
tile_sweep_dense_axes,log_axis,image,3d,sparse,5,5,gpu_source,3,3,100,100,4,1,3,3806,3.806,3212,3818,9880.228323699423,1,1,1,0,0,0,0,0,0,1,1,1,150875044,150875044,150875044
tile_sweep_dense_axes,log_axis,image,3d,sparse,5,7,cpu_source,3,3,100,100,4,1,3,37192567,37192.567,37153515,37212921,10545.099801531047,,,,,,,,,,,,,,,
tile_sweep_dense_axes,log_axis,image,3d,sparse,5,7,gpu_source,3,3,100,100,4,1,3,3527,3.527,3480,3786,10545.099801531047,1,1,1,0,0,0,0,0,0,1,1,1,202243449,202243449,202243449
tile_sweep_dense_axes,log_axis,image,3d,sparse,5,10,cpu_source,3,3,100,100,4,1,3,37549084,37549.084,37355167,37619631,10173.146572744514,,,,,,,,,,,,,,,
tile_sweep_dense_axes,log_axis,image,3d,sparse,5,10,gpu_source,3,3,100,100,4,1,3,3691,3.691,3671,3878,10173.146572744514,1,1,1,0,0,0,0,0,0,1,1,1,279296057,279296057,279296057
tile_sweep_dense_axes,log_axis,image,3d,sparse,5,15,cpu_source,3,3,100,100,4,1,3,37174832,37174.832,37148630,37230566,10558.032377165579,,,,,,,,,,,,,,,
tile_sweep_dense_axes,log_axis,image,3d,sparse,5,15,gpu_source,3,3,100,100,4,1,3,3521,3.521,2584,3540,10558.032377165579,1,1,1,0,0,0,0,0,0,1,1,1,407717070,407717070,407717070
tile_sweep_dense_axes,log_axis,image,3d,sparse,5,20,cpu_source,3,3,100,100,4,1,3,37406026,37406.026,37405489,37406677,9596.209851205747,,,,,,,,,,,,,,,
tile_sweep_dense_axes,log_axis,image,3d,sparse,5,20,gpu_source,3,3,100,100,4,1,3,3898,3.898,3866,3921,9596.209851205747,1,1,1,0,0,0,0,0,0,1,1,1,536138083,536138083,536138083
tile_sweep_dense_axes,log_axis,image,3d,sparse,5,25,cpu_source,3,3,100,100,4,1,3,37181668,37181.668,37143749,37191277,10288.231322634201,,,,,,,,,,,,,,,
tile_sweep_dense_axes,log_axis,image,3d,sparse,5,25,gpu_source,3,3,100,100,4,1,3,3614,3.614,2630,3853,10288.231322634201,1,1,1,0,0,0,0,0,0,1,1,1,664559096,664559096,664559096
tile_sweep_dense_axes,log_axis,image,3d,sparse,5,30,cpu_source,3,3,100,100,4,1,3,37429494,37429.494,37200539,37449106,9721.946493506493,,,,,,,,,,,,,,,
tile_sweep_dense_axes,log_axis,image,3d,sparse,5,30,gpu_source,3,3,100,100,4,1,3,3850,3.85,3165,3866,9721.946493506493,1,1,1,0,0,0,0,0,0,1,1,1,792980108,792980108,792980108
tile_sweep_dense_axes,log_axis,image,3d,sparse,5,40,cpu_source,3,3,100,100,4,1,3,37148070,37148.07,37118566,37202122,10169.195182042156,,,,,,,,,,,,,,,
tile_sweep_dense_axes,log_axis,image,3d,sparse,5,40,gpu_source,3,3,100,100,4,1,3,3653,3.653,3641,3875,10169.195182042156,1,1,1,0,0,0,0,0,0,1,1,1,1049822134,1049822134,1049822134
tile_sweep_dense_axes,log_axis,image,3d,sparse,5,50,cpu_source,3,3,100,100,4,1,3,37444162,37444.162,37440878,37481706,9645.58526532715,,,,,,,,,,,,,,,
tile_sweep_dense_axes,log_axis,image,3d,sparse,5,50,gpu_source,3,3,100,100,4,1,3,3882,3.882,3263,3987,9645.58526532715,1,1,1,0,0,0,0,0,0,1,1,1,1306664160,1306664160,1306664160
tile_sweep_dense_axes,log_axis,image,3d,sparse,5,75,cpu_source,3,3,100,100,4,1,3,37148253,37148.253,37110960,37263196,10440.768128161888,,,,,,,,,,,,,,,
tile_sweep_dense_axes,log_axis,image,3d,sparse,5,75,gpu_source,3,3,100,100,4,1,3,3558,3.558,3223,3645,10440.768128161888,1,1,1,0,0,0,0,0,0,1,1,1,1948769224,1948769224,1948769224
tile_sweep_dense_axes,log_axis,image,3d,sparse,5,100,cpu_source,3,3,100,100,4,1,3,37463465,37463.465,37432725,37619815,9807.189790575916,,,,,,,,,,,,,,,
tile_sweep_dense_axes,log_axis,image,3d,sparse,5,100,gpu_source,3,3,100,100,4,1,3,3820,3.82,3661,3867,9807.189790575916,1,1,1,0,0,0,0,0,0,1,1,1,2590874288,2590874288,2590874288
tile_sweep_dense_axes,log_axis,preimage,1d,dense,1,1,cpu_source,1,1,1000000,1000000,4,1,3,12067,12.067,11987,12817,0.5390422585544536,,,,,,,,,,,,,,,
tile_sweep_dense_axes,log_axis,preimage,1d,dense,1,1,gpu_source,1,1,1000000,1000000,4,1,3,22386,22.386,21040,23790,0.5390422585544536,16,16,16,39,39,39,1,1,1,16,16,16,8400000,8400000,8400000
tile_sweep_dense_axes,log_axis,preimage,1d,dense,1,2,cpu_source,1,1,1000000,1000000,4,1,3,12091,12.091,11815,13672,1.2781183932346722,,,,,,,,,,,,,,,
tile_sweep_dense_axes,log_axis,preimage,1d,dense,1,2,gpu_source,1,1,1000000,1000000,4,1,3,9460,9.46,9419,9791,1.2781183932346722,8,8,8,14,14,14,1,1,1,8,8,8,14800000,14800000,14800000
tile_sweep_dense_axes,log_axis,preimage,1d,dense,1,3,cpu_source,1,1,1000000,1000000,4,1,3,11896,11.896,11876,12457,1.0352449743277348,,,,,,,,,,,,,,,
tile_sweep_dense_axes,log_axis,preimage,1d,dense,1,3,gpu_source,1,1,1000000,1000000,4,1,3,11491,11.491,10923,13749,1.0352449743277348,8,8,8,14,14,14,1,1,1,8,8,8,21200000,21200000,21200000
tile_sweep_dense_axes,log_axis,preimage,1d,dense,1,4,cpu_source,1,1,1000000,1000000,4,1,3,12086,12.086,12048,12195,2.2760828625235403,,,,,,,,,,,,,,,
tile_sweep_dense_axes,log_axis,preimage,1d,dense,1,4,gpu_source,1,1,1000000,1000000,4,1,3,5310,5.31,5286,5378,2.2760828625235403,4,4,4,5,5,5,1,1,1,4,4,4,27600000,27600000,27600000
tile_sweep_dense_axes,log_axis,preimage,1d,dense,1,5,cpu_source,1,1,1000000,1000000,4,1,3,11892,11.892,11734,11967,2.2625570776255706,,,,,,,,,,,,,,,
tile_sweep_dense_axes,log_axis,preimage,1d,dense,1,5,gpu_source,1,1,1000000,1000000,4,1,3,5256,5.256,5249,5337,2.2625570776255706,4,4,4,5,5,5,1,1,1,4,4,4,34000000,34000000,34000000
tile_sweep_dense_axes,log_axis,preimage,1d,dense,1,7,cpu_source,1,1,1000000,1000000,4,1,3,12268,12.268,12077,12779,4.387696709585121,,,,,,,,,,,,,,,
tile_sweep_dense_axes,log_axis,preimage,1d,dense,1,7,gpu_source,1,1,1000000,1000000,4,1,3,2796,2.796,2570,2809,4.387696709585121,2,2,2,2,2,2,1,1,1,2,2,2,46800000,46800000,46800000
tile_sweep_dense_axes,log_axis,preimage,1d,dense,1,10,cpu_source,1,1,1000000,1000000,4,1,3,11798,11.798,11780,12053,4.14401123990165,,,,,,,,,,,,,,,
tile_sweep_dense_axes,log_axis,preimage,1d,dense,1,10,gpu_source,1,1,1000000,1000000,4,1,3,2847,2.847,2763,2928,4.14401123990165,2,2,2,2,2,2,1,1,1,2,2,2,66000000,66000000,66000000
tile_sweep_dense_axes,log_axis,preimage,1d,dense,1,15,cpu_source,1,1,1000000,1000000,4,1,3,13515,13.515,12064,15327,10.108451757666417,,,,,,,,,,,,,,,
tile_sweep_dense_axes,log_axis,preimage,1d,dense,1,15,gpu_source,1,1,1000000,1000000,4,1,3,1337,1.337,1250,1338,10.108451757666417,1,1,1,0,0,0,0,0,0,1,1,1,98000000,98000000,98000000
tile_sweep_dense_axes,log_axis,preimage,1d,dense,1,20,cpu_source,1,1,1000000,1000000,4,1,3,12063,12.063,11809,13490,9.952970297029703,,,,,,,,,,,,,,,
tile_sweep_dense_axes,log_axis,preimage,1d,dense,1,20,gpu_source,1,1,1000000,1000000,4,1,3,1212,1.212,1210,1253,9.952970297029703,1,1,1,0,0,0,0,0,0,1,1,1,130000000,130000000,130000000
tile_sweep_dense_axes,log_axis,preimage,1d,dense,1,25,cpu_source,1,1,1000000,1000000,4,1,3,12186,12.186,12175,12317,9.81159420289855,,,,,,,,,,,,,,,
tile_sweep_dense_axes,log_axis,preimage,1d,dense,1,25,gpu_source,1,1,1000000,1000000,4,1,3,1242,1.242,1181,1345,9.81159420289855,1,1,1,0,0,0,0,0,0,1,1,1,162000000,162000000,162000000
tile_sweep_dense_axes,log_axis,preimage,1d,dense,1,30,cpu_source,1,1,1000000,1000000,4,1,3,12349,12.349,11785,12519,9.69309262166405,,,,,,,,,,,,,,,
tile_sweep_dense_axes,log_axis,preimage,1d,dense,1,30,gpu_source,1,1,1000000,1000000,4,1,3,1274,1.274,1201,1301,9.69309262166405,1,1,1,0,0,0,0,0,0,1,1,1,194000000,194000000,194000000
tile_sweep_dense_axes,log_axis,preimage,1d,dense,1,40,cpu_source,1,1,1000000,1000000,4,1,3,12067,12.067,11993,12538,9.78669910786699,,,,,,,,,,,,,,,
tile_sweep_dense_axes,log_axis,preimage,1d,dense,1,40,gpu_source,1,1,1000000,1000000,4,1,3,1233,1.233,1178,1351,9.78669910786699,1,1,1,0,0,0,0,0,0,1,1,1,258000000,258000000,258000000
tile_sweep_dense_axes,log_axis,preimage,1d,dense,1,50,cpu_source,1,1,1000000,1000000,4,1,3,12485,12.485,11910,13336,8.574862637362637,,,,,,,,,,,,,,,
tile_sweep_dense_axes,log_axis,preimage,1d,dense,1,50,gpu_source,1,1,1000000,1000000,4,1,3,1456,1.456,1270,1474,8.574862637362637,1,1,1,0,0,0,0,0,0,1,1,1,322000000,322000000,322000000
tile_sweep_dense_axes,log_axis,preimage,1d,dense,1,75,cpu_source,1,1,1000000,1000000,4,1,3,12307,12.307,11795,12390,9.965182186234818,,,,,,,,,,,,,,,
tile_sweep_dense_axes,log_axis,preimage,1d,dense,1,75,gpu_source,1,1,1000000,1000000,4,1,3,1235,1.235,1171,1367,9.965182186234818,1,1,1,0,0,0,0,0,0,1,1,1,482000000,482000000,482000000
tile_sweep_dense_axes,log_axis,preimage,1d,dense,1,100,cpu_source,1,1,1000000,1000000,4,1,3,12152,12.152,12069,12390,9.391035548686244,,,,,,,,,,,,,,,
tile_sweep_dense_axes,log_axis,preimage,1d,dense,1,100,gpu_source,1,1,1000000,1000000,4,1,3,1294,1.294,1291,1337,9.391035548686244,1,1,1,0,0,0,0,0,0,1,1,1,642000000,642000000,642000000
tile_sweep_dense_axes,log_axis,preimage,1d,sparse,5,1,cpu_source,1,1,1000000,1000000,4,1,3,137096,137.096,136503,137559,3.928927609331117,,,,,,,,,,,,,,,
tile_sweep_dense_axes,log_axis,preimage,1d,sparse,5,1,gpu_source,1,1,1000000,1000000,4,1,3,34894,34.894,34481,37842,3.928927609331117,1,1,1,1,1,1,1,1,1,1,1,1,21619760,21619760,21619760
tile_sweep_dense_axes,log_axis,preimage,1d,sparse,5,2,cpu_source,1,1,1000000,1000000,4,1,3,137364,137.364,136796,137535,41.324909747292416,,,,,,,,,,,,,,,
tile_sweep_dense_axes,log_axis,preimage,1d,sparse,5,2,gpu_source,1,1,1000000,1000000,4,1,3,3324,3.324,3309,3495,41.324909747292416,1,1,1,0,0,0,0,0,0,1,1,1,28019760,28019760,28019760
tile_sweep_dense_axes,log_axis,preimage,1d,sparse,5,3,cpu_source,1,1,1000000,1000000,4,1,3,137312,137.312,137088,137586,40.67298578199052,,,,,,,,,,,,,,,
tile_sweep_dense_axes,log_axis,preimage,1d,sparse,5,3,gpu_source,1,1,1000000,1000000,4,1,3,3376,3.376,3374,3440,40.67298578199052,1,1,1,0,0,0,0,0,0,1,1,1,34419760,34419760,34419760
tile_sweep_dense_axes,log_axis,preimage,1d,sparse,5,4,cpu_source,1,1,1000000,1000000,4,1,3,137061,137.061,136467,137306,40.45484061393152,,,,,,,,,,,,,,,
tile_sweep_dense_axes,log_axis,preimage,1d,sparse,5,4,gpu_source,1,1,1000000,1000000,4,1,3,3388,3.388,3349,3457,40.45484061393152,1,1,1,0,0,0,0,0,0,1,1,1,40819760,40819760,40819760
tile_sweep_dense_axes,log_axis,preimage,1d,sparse,5,5,cpu_source,1,1,1000000,1000000,4,1,3,138109,138.109,137381,138355,40.20640465793304,,,,,,,,,,,,,,,
tile_sweep_dense_axes,log_axis,preimage,1d,sparse,5,5,gpu_source,1,1,1000000,1000000,4,1,3,3435,3.435,3260,3456,40.20640465793304,1,1,1,0,0,0,0,0,0,1,1,1,47219760,47219760,47219760
tile_sweep_dense_axes,log_axis,preimage,1d,sparse,5,7,cpu_source,1,1,1000000,1000000,4,1,3,136812,136.812,136477,137035,38.74596431605777,,,,,,,,,,,,,,,
tile_sweep_dense_axes,log_axis,preimage,1d,sparse,5,7,gpu_source,1,1,1000000,1000000,4,1,3,3531,3.531,3332,3697,38.74596431605777,1,1,1,0,0,0,0,0,0,1,1,1,60019760,60019760,60019760
tile_sweep_dense_axes,log_axis,preimage,1d,sparse,5,10,cpu_source,1,1,1000000,1000000,4,1,3,137433,137.433,137112,140620,42.002750611246945,,,,,,,,,,,,,,,
tile_sweep_dense_axes,log_axis,preimage,1d,sparse,5,10,gpu_source,1,1,1000000,1000000,4,1,3,3272,3.272,3233,3404,42.002750611246945,1,1,1,0,0,0,0,0,0,1,1,1,79219760,79219760,79219760
tile_sweep_dense_axes,log_axis,preimage,1d,sparse,5,15,cpu_source,1,1,1000000,1000000,4,1,3,136956,136.956,136251,137563,40.62770691189558,,,,,,,,,,,,,,,
tile_sweep_dense_axes,log_axis,preimage,1d,sparse,5,15,gpu_source,1,1,1000000,1000000,4,1,3,3371,3.371,3325,3528,40.62770691189558,1,1,1,0,0,0,0,0,0,1,1,1,111219760,111219760,111219760
tile_sweep_dense_axes,log_axis,preimage,1d,sparse,5,20,cpu_source,1,1,1000000,1000000,4,1,3,137795,137.795,137792,138192,42.126261082237846,,,,,,,,,,,,,,,
tile_sweep_dense_axes,log_axis,preimage,1d,sparse,5,20,gpu_source,1,1,1000000,1000000,4,1,3,3271,3.271,3155,3378,42.126261082237846,1,1,1,0,0,0,0,0,0,1,1,1,143219760,143219760,143219760
tile_sweep_dense_axes,log_axis,preimage,1d,sparse,5,25,cpu_source,1,1,1000000,1000000,4,1,3,136915,136.915,136623,138095,39.18574699484831,,,,,,,,,,,,,,,
tile_sweep_dense_axes,log_axis,preimage,1d,sparse,5,25,gpu_source,1,1,1000000,1000000,4,1,3,3494,3.494,3376,3508,39.18574699484831,1,1,1,0,0,0,0,0,0,1,1,1,175219760,175219760,175219760
tile_sweep_dense_axes,log_axis,preimage,1d,sparse,5,30,cpu_source,1,1,1000000,1000000,4,1,3,137737,137.737,137366,138655,40.99315476190476,,,,,,,,,,,,,,,
tile_sweep_dense_axes,log_axis,preimage,1d,sparse,5,30,gpu_source,1,1,1000000,1000000,4,1,3,3360,3.36,3141,3388,40.99315476190476,1,1,1,0,0,0,0,0,0,1,1,1,207219760,207219760,207219760
tile_sweep_dense_axes,log_axis,preimage,1d,sparse,5,40,cpu_source,1,1,1000000,1000000,4,1,3,136667,136.667,136534,137137,38.9253773853603,,,,,,,,,,,,,,,
tile_sweep_dense_axes,log_axis,preimage,1d,sparse,5,40,gpu_source,1,1,1000000,1000000,4,1,3,3511,3.511,3426,3643,38.9253773853603,1,1,1,0,0,0,0,0,0,1,1,1,271219760,271219760,271219760
tile_sweep_dense_axes,log_axis,preimage,1d,sparse,5,50,cpu_source,1,1,1000000,1000000,4,1,3,137561,137.561,137486,138569,41.748406676783006,,,,,,,,,,,,,,,
tile_sweep_dense_axes,log_axis,preimage,1d,sparse,5,50,gpu_source,1,1,1000000,1000000,4,1,3,3295,3.295,3274,3334,41.748406676783006,1,1,1,0,0,0,0,0,0,1,1,1,335219760,335219760,335219760
tile_sweep_dense_axes,log_axis,preimage,1d,sparse,5,75,cpu_source,1,1,1000000,1000000,4,1,3,137410,137.41,136333,140535,41.05467582910069,,,,,,,,,,,,,,,
tile_sweep_dense_axes,log_axis,preimage,1d,sparse,5,75,gpu_source,1,1,1000000,1000000,4,1,3,3347,3.347,3346,3398,41.05467582910069,1,1,1,0,0,0,0,0,0,1,1,1,495219760,495219760,495219760
tile_sweep_dense_axes,log_axis,preimage,1d,sparse,5,100,cpu_source,1,1,1000000,1000000,4,1,3,137807,137.807,137726,137965,41.58328304164152,,,,,,,,,,,,,,,
tile_sweep_dense_axes,log_axis,preimage,1d,sparse,5,100,gpu_source,1,1,1000000,1000000,4,1,3,3314,3.314,3175,3415,41.58328304164152,1,1,1,0,0,0,0,0,0,1,1,1,655219760,655219760,655219760
tile_sweep_dense_axes,log_axis,preimage,2d,dense,1,1,cpu_source,2,2,1000,1000,4,1,3,91740,91.74,91239,92314,4.435955708137905,,,,,,,,,,,,,,,
tile_sweep_dense_axes,log_axis,preimage,2d,dense,1,1,gpu_source,2,2,1000,1000,4,1,3,20681,20.681,20002,22342,4.435955708137905,8,8,8,14,14,14,1,1,1,8,8,8,14800000,14800000,14800000
tile_sweep_dense_axes,log_axis,preimage,2d,dense,1,2,cpu_source,2,2,1000,1000,4,1,3,92193,92.193,91052,93332,7.11255979015584,,,,,,,,,,,,,,,
tile_sweep_dense_axes,log_axis,preimage,2d,dense,1,2,gpu_source,2,2,1000,1000,4,1,3,12962,12.962,12906,13065,7.11255979015584,4,4,4,5,5,5,1,1,1,4,4,4,27600000,27600000,27600000
tile_sweep_dense_axes,log_axis,preimage,2d,dense,1,3,cpu_source,2,2,1000,1000,4,1,3,91838,91.838,91167,92665,7.960301638207507,,,,,,,,,,,,,,,
tile_sweep_dense_axes,log_axis,preimage,2d,dense,1,3,gpu_source,2,2,1000,1000,4,1,3,11537,11.537,11457,11913,7.960301638207507,4,4,4,5,5,5,1,1,1,4,4,4,40400000,40400000,40400000
tile_sweep_dense_axes,log_axis,preimage,2d,dense,1,4,cpu_source,2,2,1000,1000,4,1,3,91983,91.983,91856,92039,12.477346717308736,,,,,,,,,,,,,,,
tile_sweep_dense_axes,log_axis,preimage,2d,dense,1,4,gpu_source,2,2,1000,1000,4,1,3,7372,7.372,7365,7668,12.477346717308736,2,2,2,2,2,2,1,1,1,2,2,2,53200000,53200000,53200000
tile_sweep_dense_axes,log_axis,preimage,2d,dense,1,5,cpu_source,2,2,1000,1000,4,1,3,91824,91.824,91466,92461,13.503529411764706,,,,,,,,,,,,,,,
tile_sweep_dense_axes,log_axis,preimage,2d,dense,1,5,gpu_source,2,2,1000,1000,4,1,3,6800,6.8,6799,6869,13.503529411764706,2,2,2,2,2,2,1,1,1,2,2,2,66000000,66000000,66000000
tile_sweep_dense_axes,log_axis,preimage,2d,dense,1,7,cpu_source,2,2,1000,1000,4,1,3,91423,91.423,91398,91769,12.491187320672223,,,,,,,,,,,,,,,
tile_sweep_dense_axes,log_axis,preimage,2d,dense,1,7,gpu_source,2,2,1000,1000,4,1,3,7319,7.319,7233,7341,12.491187320672223,2,2,2,2,2,2,1,1,1,2,2,2,91600000,91600000,91600000
tile_sweep_dense_axes,log_axis,preimage,2d,dense,1,10,cpu_source,2,2,1000,1000,4,1,3,92043,92.043,91836,92136,43.78829686013321,,,,,,,,,,,,,,,
tile_sweep_dense_axes,log_axis,preimage,2d,dense,1,10,gpu_source,2,2,1000,1000,4,1,3,2102,2.102,2099,2213,43.78829686013321,1,1,1,0,0,0,0,0,0,1,1,1,130000000,130000000,130000000
tile_sweep_dense_axes,log_axis,preimage,2d,dense,1,15,cpu_source,2,2,1000,1000,4,1,3,91894,91.894,91775,92424,41.18960107575079,,,,,,,,,,,,,,,
tile_sweep_dense_axes,log_axis,preimage,2d,dense,1,15,gpu_source,2,2,1000,1000,4,1,3,2231,2.231,2162,2429,41.18960107575079,1,1,1,0,0,0,0,0,0,1,1,1,194000000,194000000,194000000
tile_sweep_dense_axes,log_axis,preimage,2d,dense,1,20,cpu_source,2,2,1000,1000,4,1,3,91850,91.85,91535,92580,43.38686820973075,,,,,,,,,,,,,,,
tile_sweep_dense_axes,log_axis,preimage,2d,dense,1,20,gpu_source,2,2,1000,1000,4,1,3,2117,2.117,2077,2290,43.38686820973075,1,1,1,0,0,0,0,0,0,1,1,1,258000000,258000000,258000000
tile_sweep_dense_axes,log_axis,preimage,2d,dense,1,25,cpu_source,2,2,1000,1000,4,1,3,91348,91.348,91067,92099,42.467689446768944,,,,,,,,,,,,,,,
tile_sweep_dense_axes,log_axis,preimage,2d,dense,1,25,gpu_source,2,2,1000,1000,4,1,3,2151,2.151,2130,2176,42.467689446768944,1,1,1,0,0,0,0,0,0,1,1,1,322000000,322000000,322000000
tile_sweep_dense_axes,log_axis,preimage,2d,dense,1,30,cpu_source,2,2,1000,1000,4,1,3,91345,91.345,91013,92303,43.49761904761905,,,,,,,,,,,,,,,
tile_sweep_dense_axes,log_axis,preimage,2d,dense,1,30,gpu_source,2,2,1000,1000,4,1,3,2100,2.1,2099,2169,43.49761904761905,1,1,1,0,0,0,0,0,0,1,1,1,386000000,386000000,386000000
tile_sweep_dense_axes,log_axis,preimage,2d,dense,1,40,cpu_source,2,2,1000,1000,4,1,3,91428,91.428,91403,92774,41.22091974752029,,,,,,,,,,,,,,,
tile_sweep_dense_axes,log_axis,preimage,2d,dense,1,40,gpu_source,2,2,1000,1000,4,1,3,2218,2.218,2108,2263,41.22091974752029,1,1,1,0,0,0,0,0,0,1,1,1,514000000,514000000,514000000
tile_sweep_dense_axes,log_axis,preimage,2d,dense,1,50,cpu_source,2,2,1000,1000,4,1,3,91333,91.333,91232,91359,43.65822179732314,,,,,,,,,,,,,,,
tile_sweep_dense_axes,log_axis,preimage,2d,dense,1,50,gpu_source,2,2,1000,1000,4,1,3,2092,2.092,2024,2113,43.65822179732314,1,1,1,0,0,0,0,0,0,1,1,1,642000000,642000000,642000000
tile_sweep_dense_axes,log_axis,preimage,2d,dense,1,75,cpu_source,2,2,1000,1000,4,1,3,92267,92.267,92155,93165,42.499769691386454,,,,,,,,,,,,,,,
tile_sweep_dense_axes,log_axis,preimage,2d,dense,1,75,gpu_source,2,2,1000,1000,4,1,3,2171,2.171,2131,2251,42.499769691386454,1,1,1,0,0,0,0,0,0,1,1,1,962000000,962000000,962000000
tile_sweep_dense_axes,log_axis,preimage,2d,dense,1,100,cpu_source,2,2,1000,1000,4,1,3,91096,91.096,90875,91216,42.213160333642264,,,,,,,,,,,,,,,
tile_sweep_dense_axes,log_axis,preimage,2d,dense,1,100,gpu_source,2,2,1000,1000,4,1,3,2158,2.158,2072,2216,42.213160333642264,1,1,1,0,0,0,0,0,0,1,1,1,1282000000,1282000000,1282000000
tile_sweep_dense_axes,log_axis,preimage,2d,sparse,5,1,cpu_source,2,2,1000,1000,4,1,3,666793,666.793,659976,667231,160.36387686387687,,,,,,,,,,,,,,,
tile_sweep_dense_axes,log_axis,preimage,2d,sparse,5,1,gpu_source,2,2,1000,1000,4,1,3,4158,4.158,3944,4187,160.36387686387687,1,1,1,0,0,0,0,0,0,1,1,1,31744128,31744128,31744128
tile_sweep_dense_axes,log_axis,preimage,2d,sparse,5,2,cpu_source,2,2,1000,1000,4,1,3,659422,659.422,652974,665337,195.32642180094786,,,,,,,,,,,,,,,
tile_sweep_dense_axes,log_axis,preimage,2d,sparse,5,2,gpu_source,2,2,1000,1000,4,1,3,3376,3.376,3350,3549,195.32642180094786,1,1,1,0,0,0,0,0,0,1,1,1,44544128,44544128,44544128
tile_sweep_dense_axes,log_axis,preimage,2d,sparse,5,3,cpu_source,2,2,1000,1000,4,1,3,656281,656.281,651146,656375,163.45728518057285,,,,,,,,,,,,,,,
tile_sweep_dense_axes,log_axis,preimage,2d,sparse,5,3,gpu_source,2,2,1000,1000,4,1,3,4015,4.015,3838,4045,163.45728518057285,1,1,1,0,0,0,0,0,0,1,1,1,57344128,57344128,57344128
tile_sweep_dense_axes,log_axis,preimage,2d,sparse,5,4,cpu_source,2,2,1000,1000,4,1,3,660864,660.864,653839,661270,188.01251778093882,,,,,,,,,,,,,,,
tile_sweep_dense_axes,log_axis,preimage,2d,sparse,5,4,gpu_source,2,2,1000,1000,4,1,3,3515,3.515,3477,3536,188.01251778093882,1,1,1,0,0,0,0,0,0,1,1,1,70144128,70144128,70144128
tile_sweep_dense_axes,log_axis,preimage,2d,sparse,5,5,cpu_source,2,2,1000,1000,4,1,3,673896,673.896,667356,678210,172.79384615384615,,,,,,,,,,,,,,,
tile_sweep_dense_axes,log_axis,preimage,2d,sparse,5,5,gpu_source,2,2,1000,1000,4,1,3,3900,3.9,3771,3982,172.79384615384615,1,1,1,0,0,0,0,0,0,1,1,1,82944128,82944128,82944128
tile_sweep_dense_axes,log_axis,preimage,2d,sparse,5,7,cpu_source,2,2,1000,1000,4,1,3,662920,662.92,647870,664058,186.58035462989022,,,,,,,,,,,,,,,
tile_sweep_dense_axes,log_axis,preimage,2d,sparse,5,7,gpu_source,2,2,1000,1000,4,1,3,3553,3.553,3511,3665,186.58035462989022,1,1,1,0,0,0,0,0,0,1,1,1,108544128,108544128,108544128
tile_sweep_dense_axes,log_axis,preimage,2d,sparse,5,10,cpu_source,2,2,1000,1000,4,1,3,665374,665.374,654477,675394,171.7537429013939,,,,,,,,,,,,,,,
tile_sweep_dense_axes,log_axis,preimage,2d,sparse,5,10,gpu_source,2,2,1000,1000,4,1,3,3874,3.874,3813,4192,171.7537429013939,1,1,1,0,0,0,0,0,0,1,1,1,146944128,146944128,146944128
tile_sweep_dense_axes,log_axis,preimage,2d,sparse,5,15,cpu_source,2,2,1000,1000,4,1,3,657911,657.911,657184,665848,179.1208821127144,,,,,,,,,,,,,,,
tile_sweep_dense_axes,log_axis,preimage,2d,sparse,5,15,gpu_source,2,2,1000,1000,4,1,3,3673,3.673,3609,4002,179.1208821127144,1,1,1,0,0,0,0,0,0,1,1,1,210944128,210944128,210944128
tile_sweep_dense_axes,log_axis,preimage,2d,sparse,5,20,cpu_source,2,2,1000,1000,4,1,3,663349,663.349,662834,674147,168.36269035532996,,,,,,,,,,,,,,,
tile_sweep_dense_axes,log_axis,preimage,2d,sparse,5,20,gpu_source,2,2,1000,1000,4,1,3,3940,3.94,3727,4115,168.36269035532996,1,1,1,0,0,0,0,0,0,1,1,1,274944128,274944128,274944128
tile_sweep_dense_axes,log_axis,preimage,2d,sparse,5,25,cpu_source,2,2,1000,1000,4,1,3,656989,656.989,653858,669147,182.9033964365256,,,,,,,,,,,,,,,
tile_sweep_dense_axes,log_axis,preimage,2d,sparse,5,25,gpu_source,2,2,1000,1000,4,1,3,3592,3.592,3570,3601,182.9033964365256,1,1,1,0,0,0,0,0,0,1,1,1,338944128,338944128,338944128
tile_sweep_dense_axes,log_axis,preimage,2d,sparse,5,30,cpu_source,2,2,1000,1000,4,1,3,667815,667.815,654368,675411,168.76800606520092,,,,,,,,,,,,,,,
tile_sweep_dense_axes,log_axis,preimage,2d,sparse,5,30,gpu_source,2,2,1000,1000,4,1,3,3957,3.957,3929,4053,168.76800606520092,1,1,1,0,0,0,0,0,0,1,1,1,402944128,402944128,402944128
tile_sweep_dense_axes,log_axis,preimage,2d,sparse,5,40,cpu_source,2,2,1000,1000,4,1,3,656226,656.226,654307,658192,185.7418624398528,,,,,,,,,,,,,,,
tile_sweep_dense_axes,log_axis,preimage,2d,sparse,5,40,gpu_source,2,2,1000,1000,4,1,3,3533,3.533,3482,3547,185.7418624398528,1,1,1,0,0,0,0,0,0,1,1,1,530944128,530944128,530944128
tile_sweep_dense_axes,log_axis,preimage,2d,sparse,5,50,cpu_source,2,2,1000,1000,4,1,3,661517,661.517,661140,671890,159.2481945113144,,,,,,,,,,,,,,,
tile_sweep_dense_axes,log_axis,preimage,2d,sparse,5,50,gpu_source,2,2,1000,1000,4,1,3,4154,4.154,3903,4369,159.2481945113144,1,1,1,0,0,0,0,0,0,1,1,1,658944128,658944128,658944128
tile_sweep_dense_axes,log_axis,preimage,2d,sparse,5,75,cpu_source,2,2,1000,1000,4,1,3,661211,661.211,648840,665213,184.33537775299692,,,,,,,,,,,,,,,
tile_sweep_dense_axes,log_axis,preimage,2d,sparse,5,75,gpu_source,2,2,1000,1000,4,1,3,3587,3.587,3403,4010,184.33537775299692,1,1,1,0,0,0,0,0,0,1,1,1,978944128,978944128,978944128
tile_sweep_dense_axes,log_axis,preimage,2d,sparse,5,100,cpu_source,2,2,1000,1000,4,1,3,660413,660.413,658521,672293,174.52774841437633,,,,,,,,,,,,,,,
tile_sweep_dense_axes,log_axis,preimage,2d,sparse,5,100,gpu_source,2,2,1000,1000,4,1,3,3784,3.784,3729,4000,174.52774841437633,1,1,1,0,0,0,0,0,0,1,1,1,1298944128,1298944128,1298944128
tile_sweep_dense_axes,log_axis,preimage,3d,dense,1,1,cpu_source,3,3,100,100,4,1,3,147956,147.956,147287,149119,3.5822962568398626,,,,,,,,,,,,,,,
tile_sweep_dense_axes,log_axis,preimage,3d,dense,1,1,gpu_source,3,3,100,100,4,1,3,41302,41.302,41168,41380,3.5822962568398626,8,8,8,14,14,14,1,1,1,8,8,8,21200000,21200000,21200000
tile_sweep_dense_axes,log_axis,preimage,3d,dense,1,2,cpu_source,3,3,100,100,4,1,3,148083,148.083,147832,149481,6.399438202247191,,,,,,,,,,,,,,,
tile_sweep_dense_axes,log_axis,preimage,3d,dense,1,2,gpu_source,3,3,100,100,4,1,3,23140,23.14,23006,23233,6.399438202247191,4,4,4,5,5,5,1,1,1,4,4,4,40400000,40400000,40400000
tile_sweep_dense_axes,log_axis,preimage,3d,dense,1,3,cpu_source,3,3,100,100,4,1,3,148292,148.292,148017,149831,5.624364712129258,,,,,,,,,,,,,,,
tile_sweep_dense_axes,log_axis,preimage,3d,dense,1,3,gpu_source,3,3,100,100,4,1,3,26366,26.366,26244,26880,5.624364712129258,4,4,4,5,5,5,1,1,1,4,4,4,59600000,59600000,59600000
tile_sweep_dense_axes,log_axis,preimage,3d,dense,1,4,cpu_source,3,3,100,100,4,1,3,148857,148.857,148068,149096,9.656006746237676,,,,,,,,,,,,,,,
tile_sweep_dense_axes,log_axis,preimage,3d,dense,1,4,gpu_source,3,3,100,100,4,1,3,15416,15.416,15370,15562,9.656006746237676,2,2,2,2,2,2,1,1,1,2,2,2,78800000,78800000,78800000
tile_sweep_dense_axes,log_axis,preimage,3d,dense,1,5,cpu_source,3,3,100,100,4,1,3,147742,147.742,147543,147981,8.822524782037501,,,,,,,,,,,,,,,
tile_sweep_dense_axes,log_axis,preimage,3d,dense,1,5,gpu_source,3,3,100,100,4,1,3,16746,16.746,16682,16783,8.822524782037501,2,2,2,2,2,2,1,1,1,2,2,2,98000000,98000000,98000000
tile_sweep_dense_axes,log_axis,preimage,3d,dense,1,7,cpu_source,3,3,100,100,4,1,3,148261,148.261,147991,149301,9.647384174908902,,,,,,,,,,,,,,,
tile_sweep_dense_axes,log_axis,preimage,3d,dense,1,7,gpu_source,3,3,100,100,4,1,3,15368,15.368,15329,15561,9.647384174908902,2,2,2,2,2,2,1,1,1,2,2,2,136400000,136400000,136400000
tile_sweep_dense_axes,log_axis,preimage,3d,dense,1,10,cpu_source,3,3,100,100,4,1,3,152794,152.794,147416,152995,38.093742208925455,,,,,,,,,,,,,,,
tile_sweep_dense_axes,log_axis,preimage,3d,dense,1,10,gpu_source,3,3,100,100,4,1,3,4011,4.011,3983,4154,38.093742208925455,1,1,1,0,0,0,0,0,0,1,1,1,194000000,194000000,194000000
tile_sweep_dense_axes,log_axis,preimage,3d,dense,1,15,cpu_source,3,3,100,100,4,1,3,148603,148.603,147597,149744,39.1163464069492,,,,,,,,,,,,,,,
tile_sweep_dense_axes,log_axis,preimage,3d,dense,1,15,gpu_source,3,3,100,100,4,1,3,3799,3.799,3644,3872,39.1163464069492,1,1,1,0,0,0,0,0,0,1,1,1,290000000,290000000,290000000
tile_sweep_dense_axes,log_axis,preimage,3d,dense,1,20,cpu_source,3,3,100,100,4,1,3,148530,148.53,148177,149280,36.96615231458437,,,,,,,,,,,,,,,
tile_sweep_dense_axes,log_axis,preimage,3d,dense,1,20,gpu_source,3,3,100,100,4,1,3,4018,4.018,3963,4055,36.96615231458437,1,1,1,0,0,0,0,0,0,1,1,1,386000000,386000000,386000000
tile_sweep_dense_axes,log_axis,preimage,3d,dense,1,25,cpu_source,3,3,100,100,4,1,3,148170,148.17,148091,149873,40.28548123980424,,,,,,,,,,,,,,,
tile_sweep_dense_axes,log_axis,preimage,3d,dense,1,25,gpu_source,3,3,100,100,4,1,3,3678,3.678,3608,3723,40.28548123980424,1,1,1,0,0,0,0,0,0,1,1,1,482000000,482000000,482000000
tile_sweep_dense_axes,log_axis,preimage,3d,dense,1,30,cpu_source,3,3,100,100,4,1,3,148092,148.092,147309,149177,36.40412979351032,,,,,,,,,,,,,,,
tile_sweep_dense_axes,log_axis,preimage,3d,dense,1,30,gpu_source,3,3,100,100,4,1,3,4068,4.068,3998,4071,36.40412979351032,1,1,1,0,0,0,0,0,0,1,1,1,578000000,578000000,578000000
tile_sweep_dense_axes,log_axis,preimage,3d,dense,1,40,cpu_source,3,3,100,100,4,1,3,148704,148.704,148091,150108,40.33197721724979,,,,,,,,,,,,,,,
tile_sweep_dense_axes,log_axis,preimage,3d,dense,1,40,gpu_source,3,3,100,100,4,1,3,3687,3.687,3630,3961,40.33197721724979,1,1,1,0,0,0,0,0,0,1,1,1,770000000,770000000,770000000
tile_sweep_dense_axes,log_axis,preimage,3d,dense,1,50,cpu_source,3,3,100,100,4,1,3,147692,147.692,147040,149265,36.00487567040468,,,,,,,,,,,,,,,
tile_sweep_dense_axes,log_axis,preimage,3d,dense,1,50,gpu_source,3,3,100,100,4,1,3,4102,4.102,4003,4119,36.00487567040468,1,1,1,0,0,0,0,0,0,1,1,1,962000000,962000000,962000000
tile_sweep_dense_axes,log_axis,preimage,3d,dense,1,75,cpu_source,3,3,100,100,4,1,3,148296,148.296,147658,150359,40.606790799561885,,,,,,,,,,,,,,,
tile_sweep_dense_axes,log_axis,preimage,3d,dense,1,75,gpu_source,3,3,100,100,4,1,3,3652,3.652,3643,3715,40.606790799561885,1,1,1,0,0,0,0,0,0,1,1,1,1442000000,1442000000,1442000000
tile_sweep_dense_axes,log_axis,preimage,3d,dense,1,100,cpu_source,3,3,100,100,4,1,3,147807,147.807,147506,148212,36.23608727629321,,,,,,,,,,,,,,,
tile_sweep_dense_axes,log_axis,preimage,3d,dense,1,100,gpu_source,3,3,100,100,4,1,3,4079,4.079,4052,4175,36.23608727629321,1,1,1,0,0,0,0,0,0,1,1,1,1922000000,1922000000,1922000000
tile_sweep_dense_axes,log_axis,preimage,3d,sparse,5,1,cpu_source,3,3,100,100,4,1,3,979218,979.218,978848,984010,13.10428905988625,,,,,,,,,,,,,,,
tile_sweep_dense_axes,log_axis,preimage,3d,sparse,5,1,gpu_source,3,3,100,100,4,1,3,74725,74.725,74657,74896,13.10428905988625,1,1,1,1,1,1,1,1,1,1,1,1,41654032,41654032,41654032
tile_sweep_dense_axes,log_axis,preimage,3d,sparse,5,2,cpu_source,3,3,100,100,4,1,3,973077,973.077,966044,974370,184.29488636363635,,,,,,,,,,,,,,,
tile_sweep_dense_axes,log_axis,preimage,3d,sparse,5,2,gpu_source,3,3,100,100,4,1,3,5280,5.28,5169,5315,184.29488636363635,1,1,1,0,0,0,0,0,0,1,1,1,60854032,60854032,60854032
tile_sweep_dense_axes,log_axis,preimage,3d,sparse,5,3,cpu_source,3,3,100,100,4,1,3,971931,971.931,969991,973987,207.41165172855312,,,,,,,,,,,,,,,
tile_sweep_dense_axes,log_axis,preimage,3d,sparse,5,3,gpu_source,3,3,100,100,4,1,3,4686,4.686,4515,4778,207.41165172855312,1,1,1,0,0,0,0,0,0,1,1,1,80054032,80054032,80054032
tile_sweep_dense_axes,log_axis,preimage,3d,sparse,5,4,cpu_source,3,3,100,100,4,1,3,972180,972.18,966091,985249,182.15851602023608,,,,,,,,,,,,,,,
tile_sweep_dense_axes,log_axis,preimage,3d,sparse,5,4,gpu_source,3,3,100,100,4,1,3,5337,5.337,5307,5362,182.15851602023608,1,1,1,0,0,0,0,0,0,1,1,1,99254032,99254032,99254032
tile_sweep_dense_axes,log_axis,preimage,3d,sparse,5,5,cpu_source,3,3,100,100,4,1,3,980504,980.504,977484,988157,200.75839475839476,,,,,,,,,,,,,,,
tile_sweep_dense_axes,log_axis,preimage,3d,sparse,5,5,gpu_source,3,3,100,100,4,1,3,4884,4.884,4823,4922,200.75839475839476,1,1,1,0,0,0,0,0,0,1,1,1,118454032,118454032,118454032
tile_sweep_dense_axes,log_axis,preimage,3d,sparse,5,7,cpu_source,3,3,100,100,4,1,3,973461,973.461,969684,975853,179.4728982300885,,,,,,,,,,,,,,,
tile_sweep_dense_axes,log_axis,preimage,3d,sparse,5,7,gpu_source,3,3,100,100,4,1,3,5424,5.424,5248,5500,179.4728982300885,1,1,1,0,0,0,0,0,0,1,1,1,156854032,156854032,156854032
tile_sweep_dense_axes,log_axis,preimage,3d,sparse,5,10,cpu_source,3,3,100,100,4,1,3,982001,982.001,979489,986244,208.75871598639455,,,,,,,,,,,,,,,
tile_sweep_dense_axes,log_axis,preimage,3d,sparse,5,10,gpu_source,3,3,100,100,4,1,3,4704,4.704,4462,4704,208.75871598639455,1,1,1,0,0,0,0,0,0,1,1,1,214454032,214454032,214454032
tile_sweep_dense_axes,log_axis,preimage,3d,sparse,5,15,cpu_source,3,3,100,100,4,1,3,972553,972.553,968639,975553,187.02942307692308,,,,,,,,,,,,,,,
tile_sweep_dense_axes,log_axis,preimage,3d,sparse,5,15,gpu_source,3,3,100,100,4,1,3,5200,5.2,5193,5443,187.02942307692308,1,1,1,0,0,0,0,0,0,1,1,1,310454032,310454032,310454032
tile_sweep_dense_axes,log_axis,preimage,3d,sparse,5,20,cpu_source,3,3,100,100,4,1,3,973187,973.187,970830,984561,203.04339662007095,,,,,,,,,,,,,,,
tile_sweep_dense_axes,log_axis,preimage,3d,sparse,5,20,gpu_source,3,3,100,100,4,1,3,4793,4.793,4662,4797,203.04339662007095,1,1,1,0,0,0,0,0,0,1,1,1,406454032,406454032,406454032
tile_sweep_dense_axes,log_axis,preimage,3d,sparse,5,25,cpu_source,3,3,100,100,4,1,3,969659,969.659,968855,969716,183.99601518026566,,,,,,,,,,,,,,,
tile_sweep_dense_axes,log_axis,preimage,3d,sparse,5,25,gpu_source,3,3,100,100,4,1,3,5270,5.27,5025,5580,183.99601518026566,1,1,1,0,0,0,0,0,0,1,1,1,502454032,502454032,502454032
tile_sweep_dense_axes,log_axis,preimage,3d,sparse,5,30,cpu_source,3,3,100,100,4,1,3,987131,987.131,971265,1005032,209.27093491626033,,,,,,,,,,,,,,,
tile_sweep_dense_axes,log_axis,preimage,3d,sparse,5,30,gpu_source,3,3,100,100,4,1,3,4717,4.717,4593,4791,209.27093491626033,1,1,1,0,0,0,0,0,0,1,1,1,598454032,598454032,598454032
tile_sweep_dense_axes,log_axis,preimage,3d,sparse,5,40,cpu_source,3,3,100,100,4,1,3,974789,974.789,967714,993659,186.4911038836809,,,,,,,,,,,,,,,
tile_sweep_dense_axes,log_axis,preimage,3d,sparse,5,40,gpu_source,3,3,100,100,4,1,3,5227,5.227,5167,5311,186.4911038836809,1,1,1,0,0,0,0,0,0,1,1,1,790454032,790454032,790454032
tile_sweep_dense_axes,log_axis,preimage,3d,sparse,5,50,cpu_source,3,3,100,100,4,1,3,992804,992.804,980016,1002924,214.24341821320672,,,,,,,,,,,,,,,
tile_sweep_dense_axes,log_axis,preimage,3d,sparse,5,50,gpu_source,3,3,100,100,4,1,3,4634,4.634,4555,4822,214.24341821320672,1,1,1,0,0,0,0,0,0,1,1,1,982454032,982454032,982454032
tile_sweep_dense_axes,log_axis,preimage,3d,sparse,5,75,cpu_source,3,3,100,100,4,1,3,972204,972.204,967874,974201,182.71076865250893,,,,,,,,,,,,,,,
tile_sweep_dense_axes,log_axis,preimage,3d,sparse,5,75,gpu_source,3,3,100,100,4,1,3,5321,5.321,5076,5358,182.71076865250893,1,1,1,0,0,0,0,0,0,1,1,1,1462454032,1462454032,1462454032
tile_sweep_dense_axes,log_axis,preimage,3d,sparse,5,100,cpu_source,3,3,100,100,4,1,3,983743,983.743,975125,999975,207.40944549862957,,,,,,,,,,,,,,,
tile_sweep_dense_axes,log_axis,preimage,3d,sparse,5,100,gpu_source,3,3,100,100,4,1,3,4743,4.743,4743,4882,207.40944549862957,1,1,1,0,0,0,0,0,0,1,1,1,1942454032,1942454032,1942454032
