mode,rep,n,it,repartition_interval,seconds,iter_per_sec,mpoints_per_sec,gnnz_spmv_per_sec,profile,log,source_file
cpu,1,100000000,2000,0,11.1914,178.708,17870.8,53.6125,/pscratch/sd/r/rchanani/LegionSolvers/scratch/profiles/paper_3rep_20260716/interactive_repart_20260716_184000/tasks/cpu_rp0_rep1/cpu.gz,/pscratch/sd/r/rchanani/LegionSolvers/scratch/profiles/paper_3rep_20260716/interactive_repart_20260716_184000/tasks/cpu_rp0_rep1/cpu.log,/pscratch/sd/r/rchanani/LegionSolvers/scratch/profiles/paper_3rep_20260716/interactive_repart_20260716_184000/tasks/cpu_rp0_rep1/result.csv
cpu,2,100000000,2000,0,11.1323,179.658,17965.8,53.8974,/pscratch/sd/r/rchanani/LegionSolvers/scratch/profiles/paper_3rep_20260716/interactive_repart_20260716_184000/tasks/cpu_rp0_rep2/cpu.gz,/pscratch/sd/r/rchanani/LegionSolvers/scratch/profiles/paper_3rep_20260716/interactive_repart_20260716_184000/tasks/cpu_rp0_rep2/cpu.log,/pscratch/sd/r/rchanani/LegionSolvers/scratch/profiles/paper_3rep_20260716/interactive_repart_20260716_184000/tasks/cpu_rp0_rep2/result.csv
cpu,3,100000000,2000,0,11.1601,179.21,17921,53.7631,/pscratch/sd/r/rchanani/LegionSolvers/scratch/profiles/paper_3rep_20260716/interactive_repart_20260716_184000/tasks/cpu_rp0_rep3/cpu.gz,/pscratch/sd/r/rchanani/LegionSolvers/scratch/profiles/paper_3rep_20260716/interactive_repart_20260716_184000/tasks/cpu_rp0_rep3/cpu.log,/pscratch/sd/r/rchanani/LegionSolvers/scratch/profiles/paper_3rep_20260716/interactive_repart_20260716_184000/tasks/cpu_rp0_rep3/result.csv
cpu,1,100000000,2000,1000,12.2533,163.222,16322.2,48.9666,/pscratch/sd/r/rchanani/LegionSolvers/scratch/profiles/paper_3rep_20260716/interactive_repart_20260716_184000/tasks/cpu_rp1000_rep1/cpu.gz,/pscratch/sd/r/rchanani/LegionSolvers/scratch/profiles/paper_3rep_20260716/interactive_repart_20260716_184000/tasks/cpu_rp1000_rep1/cpu.log,/pscratch/sd/r/rchanani/LegionSolvers/scratch/profiles/paper_3rep_20260716/interactive_repart_20260716_184000/tasks/cpu_rp1000_rep1/result.csv
cpu,2,100000000,2000,1000,12.1969,163.976,16397.6,49.1928,/pscratch/sd/r/rchanani/LegionSolvers/scratch/profiles/paper_3rep_20260716/interactive_repart_20260716_184000/tasks/cpu_rp1000_rep2/cpu.gz,/pscratch/sd/r/rchanani/LegionSolvers/scratch/profiles/paper_3rep_20260716/interactive_repart_20260716_184000/tasks/cpu_rp1000_rep2/cpu.log,/pscratch/sd/r/rchanani/LegionSolvers/scratch/profiles/paper_3rep_20260716/interactive_repart_20260716_184000/tasks/cpu_rp1000_rep2/result.csv
cpu,3,100000000,2000,1000,12.4916,160.107,16010.7,48.0322,/pscratch/sd/r/rchanani/LegionSolvers/scratch/profiles/paper_3rep_20260716/interactive_repart_20260716_184000/tasks/cpu_rp1000_rep3/cpu.gz,/pscratch/sd/r/rchanani/LegionSolvers/scratch/profiles/paper_3rep_20260716/interactive_repart_20260716_184000/tasks/cpu_rp1000_rep3/cpu.log,/pscratch/sd/r/rchanani/LegionSolvers/scratch/profiles/paper_3rep_20260716/interactive_repart_20260716_184000/tasks/cpu_rp1000_rep3/result.csv
cpu,1,100000000,2000,100,38.1812,52.3817,5238.17,15.7145,/pscratch/sd/r/rchanani/LegionSolvers/scratch/profiles/paper_3rep_20260716/interactive_repart_20260716_184000/tasks/cpu_rp100_rep1/cpu.gz,/pscratch/sd/r/rchanani/LegionSolvers/scratch/profiles/paper_3rep_20260716/interactive_repart_20260716_184000/tasks/cpu_rp100_rep1/cpu.log,/pscratch/sd/r/rchanani/LegionSolvers/scratch/profiles/paper_3rep_20260716/interactive_repart_20260716_184000/tasks/cpu_rp100_rep1/result.csv
cpu,2,100000000,2000,100,38.2685,52.2624,5226.24,15.6787,/pscratch/sd/r/rchanani/LegionSolvers/scratch/profiles/paper_3rep_20260716/interactive_repart_20260716_184000/tasks/cpu_rp100_rep2/cpu.gz,/pscratch/sd/r/rchanani/LegionSolvers/scratch/profiles/paper_3rep_20260716/interactive_repart_20260716_184000/tasks/cpu_rp100_rep2/cpu.log,/pscratch/sd/r/rchanani/LegionSolvers/scratch/profiles/paper_3rep_20260716/interactive_repart_20260716_184000/tasks/cpu_rp100_rep2/result.csv
cpu,3,100000000,2000,100,38.3136,52.2008,5220.08,15.6602,/pscratch/sd/r/rchanani/LegionSolvers/scratch/profiles/paper_3rep_20260716/interactive_repart_20260716_184000/tasks/cpu_rp100_rep3/cpu.gz,/pscratch/sd/r/rchanani/LegionSolvers/scratch/profiles/paper_3rep_20260716/interactive_repart_20260716_184000/tasks/cpu_rp100_rep3/cpu.log,/pscratch/sd/r/rchanani/LegionSolvers/scratch/profiles/paper_3rep_20260716/interactive_repart_20260716_184000/tasks/cpu_rp100_rep3/result.csv
cpu,1,100000000,2000,10,296.195,6.7523,675.23,2.02569,/pscratch/sd/r/rchanani/LegionSolvers/scratch/profiles/paper_3rep_20260716/interactive_repart_20260716_184000/tasks/cpu_rp10_rep1/cpu.gz,/pscratch/sd/r/rchanani/LegionSolvers/scratch/profiles/paper_3rep_20260716/interactive_repart_20260716_184000/tasks/cpu_rp10_rep1/cpu.log,/pscratch/sd/r/rchanani/LegionSolvers/scratch/profiles/paper_3rep_20260716/interactive_repart_20260716_184000/tasks/cpu_rp10_rep1/result.csv
cpu,2,100000000,2000,10,296.847,6.73748,673.748,2.02125,/pscratch/sd/r/rchanani/LegionSolvers/scratch/profiles/paper_3rep_20260716/interactive_repart_20260716_184000/tasks/cpu_rp10_rep2/cpu.gz,/pscratch/sd/r/rchanani/LegionSolvers/scratch/profiles/paper_3rep_20260716/interactive_repart_20260716_184000/tasks/cpu_rp10_rep2/cpu.log,/pscratch/sd/r/rchanani/LegionSolvers/scratch/profiles/paper_3rep_20260716/interactive_repart_20260716_184000/tasks/cpu_rp10_rep2/result.csv
cpu,3,100000000,2000,10,296.298,6.74996,674.996,2.02499,/pscratch/sd/r/rchanani/LegionSolvers/scratch/profiles/paper_3rep_20260716/interactive_repart_20260716_184000/tasks/cpu_rp10_rep3/cpu.gz,/pscratch/sd/r/rchanani/LegionSolvers/scratch/profiles/paper_3rep_20260716/interactive_repart_20260716_184000/tasks/cpu_rp10_rep3/cpu.log,/pscratch/sd/r/rchanani/LegionSolvers/scratch/profiles/paper_3rep_20260716/interactive_repart_20260716_184000/tasks/cpu_rp10_rep3/result.csv
cpu,1,100000000,2000,1200,12.1576,164.506,16450.6,49.3517,/pscratch/sd/r/rchanani/LegionSolvers/scratch/profiles/paper_3rep_20260716/interactive_repart_20260716_184000/tasks/cpu_rp1200_rep1/cpu.gz,/pscratch/sd/r/rchanani/LegionSolvers/scratch/profiles/paper_3rep_20260716/interactive_repart_20260716_184000/tasks/cpu_rp1200_rep1/cpu.log,/pscratch/sd/r/rchanani/LegionSolvers/scratch/profiles/paper_3rep_20260716/interactive_repart_20260716_184000/tasks/cpu_rp1200_rep1/result.csv
cpu,2,100000000,2000,1200,12.0069,166.571,16657.1,49.9712,/pscratch/sd/r/rchanani/LegionSolvers/scratch/profiles/paper_3rep_20260716/interactive_repart_20260716_184000/tasks/cpu_rp1200_rep2/cpu.gz,/pscratch/sd/r/rchanani/LegionSolvers/scratch/profiles/paper_3rep_20260716/interactive_repart_20260716_184000/tasks/cpu_rp1200_rep2/cpu.log,/pscratch/sd/r/rchanani/LegionSolvers/scratch/profiles/paper_3rep_20260716/interactive_repart_20260716_184000/tasks/cpu_rp1200_rep2/result.csv
cpu,3,100000000,2000,1200,12.0702,165.698,16569.8,49.7093,/pscratch/sd/r/rchanani/LegionSolvers/scratch/profiles/paper_3rep_20260716/interactive_repart_20260716_184000/tasks/cpu_rp1200_rep3/cpu.gz,/pscratch/sd/r/rchanani/LegionSolvers/scratch/profiles/paper_3rep_20260716/interactive_repart_20260716_184000/tasks/cpu_rp1200_rep3/cpu.log,/pscratch/sd/r/rchanani/LegionSolvers/scratch/profiles/paper_3rep_20260716/interactive_repart_20260716_184000/tasks/cpu_rp1200_rep3/result.csv
cpu,1,100000000,2000,1400,12.0866,165.472,16547.2,49.6416,/pscratch/sd/r/rchanani/LegionSolvers/scratch/profiles/paper_3rep_20260716/interactive_repart_20260716_184000/tasks/cpu_rp1400_rep1/cpu.gz,/pscratch/sd/r/rchanani/LegionSolvers/scratch/profiles/paper_3rep_20260716/interactive_repart_20260716_184000/tasks/cpu_rp1400_rep1/cpu.log,/pscratch/sd/r/rchanani/LegionSolvers/scratch/profiles/paper_3rep_20260716/interactive_repart_20260716_184000/tasks/cpu_rp1400_rep1/result.csv
cpu,2,100000000,2000,1400,11.896,168.124,16812.4,50.4372,/pscratch/sd/r/rchanani/LegionSolvers/scratch/profiles/paper_3rep_20260716/interactive_repart_20260716_184000/tasks/cpu_rp1400_rep2/cpu.gz,/pscratch/sd/r/rchanani/LegionSolvers/scratch/profiles/paper_3rep_20260716/interactive_repart_20260716_184000/tasks/cpu_rp1400_rep2/cpu.log,/pscratch/sd/r/rchanani/LegionSolvers/scratch/profiles/paper_3rep_20260716/interactive_repart_20260716_184000/tasks/cpu_rp1400_rep2/result.csv
cpu,3,100000000,2000,1400,12.085,165.494,16549.4,49.6482,/pscratch/sd/r/rchanani/LegionSolvers/scratch/profiles/paper_3rep_20260716/interactive_repart_20260716_184000/tasks/cpu_rp1400_rep3/cpu.gz,/pscratch/sd/r/rchanani/LegionSolvers/scratch/profiles/paper_3rep_20260716/interactive_repart_20260716_184000/tasks/cpu_rp1400_rep3/cpu.log,/pscratch/sd/r/rchanani/LegionSolvers/scratch/profiles/paper_3rep_20260716/interactive_repart_20260716_184000/tasks/cpu_rp1400_rep3/result.csv
cpu,1,100000000,2000,1500,12.0758,165.621,16562.1,49.6863,/pscratch/sd/r/rchanani/LegionSolvers/scratch/profiles/paper_3rep_20260716/interactive_repart_20260716_184000/tasks/cpu_rp1500_rep1/cpu.gz,/pscratch/sd/r/rchanani/LegionSolvers/scratch/profiles/paper_3rep_20260716/interactive_repart_20260716_184000/tasks/cpu_rp1500_rep1/cpu.log,/pscratch/sd/r/rchanani/LegionSolvers/scratch/profiles/paper_3rep_20260716/interactive_repart_20260716_184000/tasks/cpu_rp1500_rep1/result.csv
cpu,2,100000000,2000,1500,12.2359,163.453,16345.3,49.036,/pscratch/sd/r/rchanani/LegionSolvers/scratch/profiles/paper_3rep_20260716/interactive_repart_20260716_184000/tasks/cpu_rp1500_rep2/cpu.gz,/pscratch/sd/r/rchanani/LegionSolvers/scratch/profiles/paper_3rep_20260716/interactive_repart_20260716_184000/tasks/cpu_rp1500_rep2/cpu.log,/pscratch/sd/r/rchanani/LegionSolvers/scratch/profiles/paper_3rep_20260716/interactive_repart_20260716_184000/tasks/cpu_rp1500_rep2/result.csv
cpu,3,100000000,2000,1500,12.1857,164.127,16412.7,49.238,/pscratch/sd/r/rchanani/LegionSolvers/scratch/profiles/paper_3rep_20260716/interactive_repart_20260716_184000/tasks/cpu_rp1500_rep3/cpu.gz,/pscratch/sd/r/rchanani/LegionSolvers/scratch/profiles/paper_3rep_20260716/interactive_repart_20260716_184000/tasks/cpu_rp1500_rep3/cpu.log,/pscratch/sd/r/rchanani/LegionSolvers/scratch/profiles/paper_3rep_20260716/interactive_repart_20260716_184000/tasks/cpu_rp1500_rep3/result.csv
cpu,1,100000000,2000,150,29.6932,67.3556,6735.56,20.2067,/pscratch/sd/r/rchanani/LegionSolvers/scratch/profiles/paper_3rep_20260716/interactive_repart_20260716_184000/tasks/cpu_rp150_rep1/cpu.gz,/pscratch/sd/r/rchanani/LegionSolvers/scratch/profiles/paper_3rep_20260716/interactive_repart_20260716_184000/tasks/cpu_rp150_rep1/cpu.log,/pscratch/sd/r/rchanani/LegionSolvers/scratch/profiles/paper_3rep_20260716/interactive_repart_20260716_184000/tasks/cpu_rp150_rep1/result.csv
cpu,2,100000000,2000,150,29.4441,67.9253,6792.53,20.3776,/pscratch/sd/r/rchanani/LegionSolvers/scratch/profiles/paper_3rep_20260716/interactive_repart_20260716_184000/tasks/cpu_rp150_rep2/cpu.gz,/pscratch/sd/r/rchanani/LegionSolvers/scratch/profiles/paper_3rep_20260716/interactive_repart_20260716_184000/tasks/cpu_rp150_rep2/cpu.log,/pscratch/sd/r/rchanani/LegionSolvers/scratch/profiles/paper_3rep_20260716/interactive_repart_20260716_184000/tasks/cpu_rp150_rep2/result.csv
cpu,3,100000000,2000,150,29.5236,67.7424,6774.24,20.3227,/pscratch/sd/r/rchanani/LegionSolvers/scratch/profiles/paper_3rep_20260716/interactive_repart_20260716_184000/tasks/cpu_rp150_rep3/cpu.gz,/pscratch/sd/r/rchanani/LegionSolvers/scratch/profiles/paper_3rep_20260716/interactive_repart_20260716_184000/tasks/cpu_rp150_rep3/cpu.log,/pscratch/sd/r/rchanani/LegionSolvers/scratch/profiles/paper_3rep_20260716/interactive_repart_20260716_184000/tasks/cpu_rp150_rep3/result.csv
cpu,1,100000000,2000,1600,11.9158,167.845,16784.5,50.3534,/pscratch/sd/r/rchanani/LegionSolvers/scratch/profiles/paper_3rep_20260716/interactive_repart_20260716_184000/tasks/cpu_rp1600_rep1/cpu.gz,/pscratch/sd/r/rchanani/LegionSolvers/scratch/profiles/paper_3rep_20260716/interactive_repart_20260716_184000/tasks/cpu_rp1600_rep1/cpu.log,/pscratch/sd/r/rchanani/LegionSolvers/scratch/profiles/paper_3rep_20260716/interactive_repart_20260716_184000/tasks/cpu_rp1600_rep1/result.csv
cpu,2,100000000,2000,1600,12.1244,164.957,16495.7,49.4872,/pscratch/sd/r/rchanani/LegionSolvers/scratch/profiles/paper_3rep_20260716/interactive_repart_20260716_184000/tasks/cpu_rp1600_rep2/cpu.gz,/pscratch/sd/r/rchanani/LegionSolvers/scratch/profiles/paper_3rep_20260716/interactive_repart_20260716_184000/tasks/cpu_rp1600_rep2/cpu.log,/pscratch/sd/r/rchanani/LegionSolvers/scratch/profiles/paper_3rep_20260716/interactive_repart_20260716_184000/tasks/cpu_rp1600_rep2/result.csv
cpu,3,100000000,2000,1600,12.1145,165.091,16509.1,49.5274,/pscratch/sd/r/rchanani/LegionSolvers/scratch/profiles/paper_3rep_20260716/interactive_repart_20260716_184000/tasks/cpu_rp1600_rep3/cpu.gz,/pscratch/sd/r/rchanani/LegionSolvers/scratch/profiles/paper_3rep_20260716/interactive_repart_20260716_184000/tasks/cpu_rp1600_rep3/cpu.log,/pscratch/sd/r/rchanani/LegionSolvers/scratch/profiles/paper_3rep_20260716/interactive_repart_20260716_184000/tasks/cpu_rp1600_rep3/result.csv
cpu,1,100000000,2000,1800,12.0212,166.373,16637.3,49.9119,/pscratch/sd/r/rchanani/LegionSolvers/scratch/profiles/paper_3rep_20260716/interactive_repart_20260716_184000/tasks/cpu_rp1800_rep1/cpu.gz,/pscratch/sd/r/rchanani/LegionSolvers/scratch/profiles/paper_3rep_20260716/interactive_repart_20260716_184000/tasks/cpu_rp1800_rep1/cpu.log,/pscratch/sd/r/rchanani/LegionSolvers/scratch/profiles/paper_3rep_20260716/interactive_repart_20260716_184000/tasks/cpu_rp1800_rep1/result.csv
cpu,2,100000000,2000,1800,12.0163,166.441,16644.1,49.9323,/pscratch/sd/r/rchanani/LegionSolvers/scratch/profiles/paper_3rep_20260716/interactive_repart_20260716_184000/tasks/cpu_rp1800_rep2/cpu.gz,/pscratch/sd/r/rchanani/LegionSolvers/scratch/profiles/paper_3rep_20260716/interactive_repart_20260716_184000/tasks/cpu_rp1800_rep2/cpu.log,/pscratch/sd/r/rchanani/LegionSolvers/scratch/profiles/paper_3rep_20260716/interactive_repart_20260716_184000/tasks/cpu_rp1800_rep2/result.csv
cpu,3,100000000,2000,1800,12.0188,166.405,16640.5,49.9216,/pscratch/sd/r/rchanani/LegionSolvers/scratch/profiles/paper_3rep_20260716/interactive_repart_20260716_184000/tasks/cpu_rp1800_rep3/cpu.gz,/pscratch/sd/r/rchanani/LegionSolvers/scratch/profiles/paper_3rep_20260716/interactive_repart_20260716_184000/tasks/cpu_rp1800_rep3/cpu.log,/pscratch/sd/r/rchanani/LegionSolvers/scratch/profiles/paper_3rep_20260716/interactive_repart_20260716_184000/tasks/cpu_rp1800_rep3/result.csv
cpu,1,100000000,2000,1,2907.06,0.687981,68.7981,0.206394,/pscratch/sd/r/rchanani/LegionSolvers/scratch/profiles/paper_3rep_20260716/interactive_repart_20260716_184000/tasks/cpu_rp1_rep1/cpu.gz,/pscratch/sd/r/rchanani/LegionSolvers/scratch/profiles/paper_3rep_20260716/interactive_repart_20260716_184000/tasks/cpu_rp1_rep1/cpu.log,/pscratch/sd/r/rchanani/LegionSolvers/scratch/profiles/paper_3rep_20260716/interactive_repart_20260716_184000/tasks/cpu_rp1_rep1/result.csv
cpu,2,100000000,2000,1,2868.14,0.697317,69.7317,0.209195,/pscratch/sd/r/rchanani/LegionSolvers/scratch/profiles/paper_3rep_20260716/interactive_repart_20260716_184000/tasks/cpu_rp1_rep2/cpu.gz,/pscratch/sd/r/rchanani/LegionSolvers/scratch/profiles/paper_3rep_20260716/interactive_repart_20260716_184000/tasks/cpu_rp1_rep2/cpu.log,/pscratch/sd/r/rchanani/LegionSolvers/scratch/profiles/paper_3rep_20260716/interactive_repart_20260716_184000/tasks/cpu_rp1_rep2/result.csv
cpu,3,100000000,2000,1,2872.98,0.696141,69.6141,0.208842,/pscratch/sd/r/rchanani/LegionSolvers/scratch/profiles/paper_3rep_20260716/interactive_repart_20260716_184000/tasks/cpu_rp1_rep3/cpu.gz,/pscratch/sd/r/rchanani/LegionSolvers/scratch/profiles/paper_3rep_20260716/interactive_repart_20260716_184000/tasks/cpu_rp1_rep3/cpu.log,/pscratch/sd/r/rchanani/LegionSolvers/scratch/profiles/paper_3rep_20260716/interactive_repart_20260716_184000/tasks/cpu_rp1_rep3/result.csv
cpu,1,100000000,2000,2000,11.0019,181.787,18178.7,54.5362,/pscratch/sd/r/rchanani/LegionSolvers/scratch/profiles/paper_3rep_20260716/interactive_repart_20260716_184000/tasks/cpu_rp2000_rep1/cpu.gz,/pscratch/sd/r/rchanani/LegionSolvers/scratch/profiles/paper_3rep_20260716/interactive_repart_20260716_184000/tasks/cpu_rp2000_rep1/cpu.log,/pscratch/sd/r/rchanani/LegionSolvers/scratch/profiles/paper_3rep_20260716/interactive_repart_20260716_184000/tasks/cpu_rp2000_rep1/result.csv
cpu,2,100000000,2000,2000,10.9972,181.864,18186.4,54.5593,/pscratch/sd/r/rchanani/LegionSolvers/scratch/profiles/paper_3rep_20260716/interactive_repart_20260716_184000/tasks/cpu_rp2000_rep2/cpu.gz,/pscratch/sd/r/rchanani/LegionSolvers/scratch/profiles/paper_3rep_20260716/interactive_repart_20260716_184000/tasks/cpu_rp2000_rep2/cpu.log,/pscratch/sd/r/rchanani/LegionSolvers/scratch/profiles/paper_3rep_20260716/interactive_repart_20260716_184000/tasks/cpu_rp2000_rep2/result.csv
cpu,3,100000000,2000,2000,11.0186,181.511,18151.1,54.4532,/pscratch/sd/r/rchanani/LegionSolvers/scratch/profiles/paper_3rep_20260716/interactive_repart_20260716_184000/tasks/cpu_rp2000_rep3/cpu.gz,/pscratch/sd/r/rchanani/LegionSolvers/scratch/profiles/paper_3rep_20260716/interactive_repart_20260716_184000/tasks/cpu_rp2000_rep3/cpu.log,/pscratch/sd/r/rchanani/LegionSolvers/scratch/profiles/paper_3rep_20260716/interactive_repart_20260716_184000/tasks/cpu_rp2000_rep3/result.csv
cpu,1,100000000,2000,200,23.5908,84.7788,8477.88,25.4336,/pscratch/sd/r/rchanani/LegionSolvers/scratch/profiles/paper_3rep_20260716/interactive_repart_20260716_184000/tasks/cpu_rp200_rep1/cpu.gz,/pscratch/sd/r/rchanani/LegionSolvers/scratch/profiles/paper_3rep_20260716/interactive_repart_20260716_184000/tasks/cpu_rp200_rep1/cpu.log,/pscratch/sd/r/rchanani/LegionSolvers/scratch/profiles/paper_3rep_20260716/interactive_repart_20260716_184000/tasks/cpu_rp200_rep1/result.csv
cpu,2,100000000,2000,200,23.711,84.3491,8434.91,25.3047,/pscratch/sd/r/rchanani/LegionSolvers/scratch/profiles/paper_3rep_20260716/interactive_repart_20260716_184000/tasks/cpu_rp200_rep2/cpu.gz,/pscratch/sd/r/rchanani/LegionSolvers/scratch/profiles/paper_3rep_20260716/interactive_repart_20260716_184000/tasks/cpu_rp200_rep2/cpu.log,/pscratch/sd/r/rchanani/LegionSolvers/scratch/profiles/paper_3rep_20260716/interactive_repart_20260716_184000/tasks/cpu_rp200_rep2/result.csv
cpu,3,100000000,2000,200,23.688,84.4309,8443.09,25.3293,/pscratch/sd/r/rchanani/LegionSolvers/scratch/profiles/paper_3rep_20260716/interactive_repart_20260716_184000/tasks/cpu_rp200_rep3/cpu.gz,/pscratch/sd/r/rchanani/LegionSolvers/scratch/profiles/paper_3rep_20260716/interactive_repart_20260716_184000/tasks/cpu_rp200_rep3/cpu.log,/pscratch/sd/r/rchanani/LegionSolvers/scratch/profiles/paper_3rep_20260716/interactive_repart_20260716_184000/tasks/cpu_rp200_rep3/result.csv
cpu,1,100000000,2000,250,20.8443,95.9497,9594.97,28.7849,/pscratch/sd/r/rchanani/LegionSolvers/scratch/profiles/paper_3rep_20260716/interactive_repart_20260716_184000/tasks/cpu_rp250_rep1/cpu.gz,/pscratch/sd/r/rchanani/LegionSolvers/scratch/profiles/paper_3rep_20260716/interactive_repart_20260716_184000/tasks/cpu_rp250_rep1/cpu.log,/pscratch/sd/r/rchanani/LegionSolvers/scratch/profiles/paper_3rep_20260716/interactive_repart_20260716_184000/tasks/cpu_rp250_rep1/result.csv
cpu,2,100000000,2000,250,20.8145,96.0868,9608.68,28.826,/pscratch/sd/r/rchanani/LegionSolvers/scratch/profiles/paper_3rep_20260716/interactive_repart_20260716_184000/tasks/cpu_rp250_rep2/cpu.gz,/pscratch/sd/r/rchanani/LegionSolvers/scratch/profiles/paper_3rep_20260716/interactive_repart_20260716_184000/tasks/cpu_rp250_rep2/cpu.log,/pscratch/sd/r/rchanani/LegionSolvers/scratch/profiles/paper_3rep_20260716/interactive_repart_20260716_184000/tasks/cpu_rp250_rep2/result.csv
cpu,3,100000000,2000,250,20.8617,95.8694,9586.94,28.7608,/pscratch/sd/r/rchanani/LegionSolvers/scratch/profiles/paper_3rep_20260716/interactive_repart_20260716_184000/tasks/cpu_rp250_rep3/cpu.gz,/pscratch/sd/r/rchanani/LegionSolvers/scratch/profiles/paper_3rep_20260716/interactive_repart_20260716_184000/tasks/cpu_rp250_rep3/cpu.log,/pscratch/sd/r/rchanani/LegionSolvers/scratch/profiles/paper_3rep_20260716/interactive_repart_20260716_184000/tasks/cpu_rp250_rep3/result.csv
cpu,1,100000000,2000,25,124.189,16.1044,1610.44,4.83133,/pscratch/sd/r/rchanani/LegionSolvers/scratch/profiles/paper_3rep_20260716/interactive_repart_20260716_184000/tasks/cpu_rp25_rep1/cpu.gz,/pscratch/sd/r/rchanani/LegionSolvers/scratch/profiles/paper_3rep_20260716/interactive_repart_20260716_184000/tasks/cpu_rp25_rep1/cpu.log,/pscratch/sd/r/rchanani/LegionSolvers/scratch/profiles/paper_3rep_20260716/interactive_repart_20260716_184000/tasks/cpu_rp25_rep1/result.csv
cpu,2,100000000,2000,25,123.821,16.1523,1615.23,4.84569,/pscratch/sd/r/rchanani/LegionSolvers/scratch/profiles/paper_3rep_20260716/interactive_repart_20260716_184000/tasks/cpu_rp25_rep2/cpu.gz,/pscratch/sd/r/rchanani/LegionSolvers/scratch/profiles/paper_3rep_20260716/interactive_repart_20260716_184000/tasks/cpu_rp25_rep2/cpu.log,/pscratch/sd/r/rchanani/LegionSolvers/scratch/profiles/paper_3rep_20260716/interactive_repart_20260716_184000/tasks/cpu_rp25_rep2/result.csv
cpu,3,100000000,2000,25,123.914,16.1403,1614.03,4.84208,/pscratch/sd/r/rchanani/LegionSolvers/scratch/profiles/paper_3rep_20260716/interactive_repart_20260716_184000/tasks/cpu_rp25_rep3/cpu.gz,/pscratch/sd/r/rchanani/LegionSolvers/scratch/profiles/paper_3rep_20260716/interactive_repart_20260716_184000/tasks/cpu_rp25_rep3/cpu.log,/pscratch/sd/r/rchanani/LegionSolvers/scratch/profiles/paper_3rep_20260716/interactive_repart_20260716_184000/tasks/cpu_rp25_rep3/result.csv
cpu,1,100000000,2000,2,1435.69,1.39306,139.306,0.417919,/pscratch/sd/r/rchanani/LegionSolvers/scratch/profiles/paper_3rep_20260716/interactive_repart_20260716_184000/tasks/cpu_rp2_rep1/cpu.gz,/pscratch/sd/r/rchanani/LegionSolvers/scratch/profiles/paper_3rep_20260716/interactive_repart_20260716_184000/tasks/cpu_rp2_rep1/cpu.log,/pscratch/sd/r/rchanani/LegionSolvers/scratch/profiles/paper_3rep_20260716/interactive_repart_20260716_184000/tasks/cpu_rp2_rep1/result.csv
cpu,2,100000000,2000,2,1437.63,1.39118,139.118,0.417354,/pscratch/sd/r/rchanani/LegionSolvers/scratch/profiles/paper_3rep_20260716/interactive_repart_20260716_184000/tasks/cpu_rp2_rep2/cpu.gz,/pscratch/sd/r/rchanani/LegionSolvers/scratch/profiles/paper_3rep_20260716/interactive_repart_20260716_184000/tasks/cpu_rp2_rep2/cpu.log,/pscratch/sd/r/rchanani/LegionSolvers/scratch/profiles/paper_3rep_20260716/interactive_repart_20260716_184000/tasks/cpu_rp2_rep2/result.csv
cpu,3,100000000,2000,2,1434.67,1.39405,139.405,0.418214,/pscratch/sd/r/rchanani/LegionSolvers/scratch/profiles/paper_3rep_20260716/interactive_repart_20260716_184000/tasks/cpu_rp2_rep3/cpu.gz,/pscratch/sd/r/rchanani/LegionSolvers/scratch/profiles/paper_3rep_20260716/interactive_repart_20260716_184000/tasks/cpu_rp2_rep3/cpu.log,/pscratch/sd/r/rchanani/LegionSolvers/scratch/profiles/paper_3rep_20260716/interactive_repart_20260716_184000/tasks/cpu_rp2_rep3/result.csv
cpu,1,100000000,2000,300,19.6478,101.792,10179.2,30.5377,/pscratch/sd/r/rchanani/LegionSolvers/scratch/profiles/paper_3rep_20260716/interactive_repart_20260716_184000/tasks/cpu_rp300_rep1/cpu.gz,/pscratch/sd/r/rchanani/LegionSolvers/scratch/profiles/paper_3rep_20260716/interactive_repart_20260716_184000/tasks/cpu_rp300_rep1/cpu.log,/pscratch/sd/r/rchanani/LegionSolvers/scratch/profiles/paper_3rep_20260716/interactive_repart_20260716_184000/tasks/cpu_rp300_rep1/result.csv
cpu,2,100000000,2000,300,19.4645,102.751,10275.1,30.8254,/pscratch/sd/r/rchanani/LegionSolvers/scratch/profiles/paper_3rep_20260716/interactive_repart_20260716_184000/tasks/cpu_rp300_rep2/cpu.gz,/pscratch/sd/r/rchanani/LegionSolvers/scratch/profiles/paper_3rep_20260716/interactive_repart_20260716_184000/tasks/cpu_rp300_rep2/cpu.log,/pscratch/sd/r/rchanani/LegionSolvers/scratch/profiles/paper_3rep_20260716/interactive_repart_20260716_184000/tasks/cpu_rp300_rep2/result.csv
cpu,3,100000000,2000,300,19.3481,103.369,10336.9,31.0108,/pscratch/sd/r/rchanani/LegionSolvers/scratch/profiles/paper_3rep_20260716/interactive_repart_20260716_184000/tasks/cpu_rp300_rep3/cpu.gz,/pscratch/sd/r/rchanani/LegionSolvers/scratch/profiles/paper_3rep_20260716/interactive_repart_20260716_184000/tasks/cpu_rp300_rep3/cpu.log,/pscratch/sd/r/rchanani/LegionSolvers/scratch/profiles/paper_3rep_20260716/interactive_repart_20260716_184000/tasks/cpu_rp300_rep3/result.csv
cpu,1,100000000,2000,350,18.0348,110.896,11089.6,33.2689,/pscratch/sd/r/rchanani/LegionSolvers/scratch/profiles/paper_3rep_20260716/interactive_repart_20260716_184000/tasks/cpu_rp350_rep1/cpu.gz,/pscratch/sd/r/rchanani/LegionSolvers/scratch/profiles/paper_3rep_20260716/interactive_repart_20260716_184000/tasks/cpu_rp350_rep1/cpu.log,/pscratch/sd/r/rchanani/LegionSolvers/scratch/profiles/paper_3rep_20260716/interactive_repart_20260716_184000/tasks/cpu_rp350_rep1/result.csv
cpu,2,100000000,2000,350,18.1722,110.058,11005.8,33.0174,/pscratch/sd/r/rchanani/LegionSolvers/scratch/profiles/paper_3rep_20260716/interactive_repart_20260716_184000/tasks/cpu_rp350_rep2/cpu.gz,/pscratch/sd/r/rchanani/LegionSolvers/scratch/profiles/paper_3rep_20260716/interactive_repart_20260716_184000/tasks/cpu_rp350_rep2/cpu.log,/pscratch/sd/r/rchanani/LegionSolvers/scratch/profiles/paper_3rep_20260716/interactive_repart_20260716_184000/tasks/cpu_rp350_rep2/result.csv
cpu,3,100000000,2000,350,18.2102,109.829,10982.9,32.9486,/pscratch/sd/r/rchanani/LegionSolvers/scratch/profiles/paper_3rep_20260716/interactive_repart_20260716_184000/tasks/cpu_rp350_rep3/cpu.gz,/pscratch/sd/r/rchanani/LegionSolvers/scratch/profiles/paper_3rep_20260716/interactive_repart_20260716_184000/tasks/cpu_rp350_rep3/cpu.log,/pscratch/sd/r/rchanani/LegionSolvers/scratch/profiles/paper_3rep_20260716/interactive_repart_20260716_184000/tasks/cpu_rp350_rep3/result.csv
cpu,1,100000000,2000,400,16.4089,121.885,12188.5,36.5655,/pscratch/sd/r/rchanani/LegionSolvers/scratch/profiles/paper_3rep_20260716/interactive_repart_20260716_184000/tasks/cpu_rp400_rep1/cpu.gz,/pscratch/sd/r/rchanani/LegionSolvers/scratch/profiles/paper_3rep_20260716/interactive_repart_20260716_184000/tasks/cpu_rp400_rep1/cpu.log,/pscratch/sd/r/rchanani/LegionSolvers/scratch/profiles/paper_3rep_20260716/interactive_repart_20260716_184000/tasks/cpu_rp400_rep1/result.csv
cpu,2,100000000,2000,400,16.3208,122.543,12254.3,36.7629,/pscratch/sd/r/rchanani/LegionSolvers/scratch/profiles/paper_3rep_20260716/interactive_repart_20260716_184000/tasks/cpu_rp400_rep2/cpu.gz,/pscratch/sd/r/rchanani/LegionSolvers/scratch/profiles/paper_3rep_20260716/interactive_repart_20260716_184000/tasks/cpu_rp400_rep2/cpu.log,/pscratch/sd/r/rchanani/LegionSolvers/scratch/profiles/paper_3rep_20260716/interactive_repart_20260716_184000/tasks/cpu_rp400_rep2/result.csv
cpu,3,100000000,2000,400,16.4446,121.621,12162.1,36.4862,/pscratch/sd/r/rchanani/LegionSolvers/scratch/profiles/paper_3rep_20260716/interactive_repart_20260716_184000/tasks/cpu_rp400_rep3/cpu.gz,/pscratch/sd/r/rchanani/LegionSolvers/scratch/profiles/paper_3rep_20260716/interactive_repart_20260716_184000/tasks/cpu_rp400_rep3/cpu.log,/pscratch/sd/r/rchanani/LegionSolvers/scratch/profiles/paper_3rep_20260716/interactive_repart_20260716_184000/tasks/cpu_rp400_rep3/result.csv
cpu,1,100000000,2000,450,16.5442,120.889,12088.9,36.2666,/pscratch/sd/r/rchanani/LegionSolvers/scratch/profiles/paper_3rep_20260716/interactive_repart_20260716_184000/tasks/cpu_rp450_rep1/cpu.gz,/pscratch/sd/r/rchanani/LegionSolvers/scratch/profiles/paper_3rep_20260716/interactive_repart_20260716_184000/tasks/cpu_rp450_rep1/cpu.log,/pscratch/sd/r/rchanani/LegionSolvers/scratch/profiles/paper_3rep_20260716/interactive_repart_20260716_184000/tasks/cpu_rp450_rep1/result.csv
cpu,2,100000000,2000,450,16.3264,122.501,12250.1,36.7503,/pscratch/sd/r/rchanani/LegionSolvers/scratch/profiles/paper_3rep_20260716/interactive_repart_20260716_184000/tasks/cpu_rp450_rep2/cpu.gz,/pscratch/sd/r/rchanani/LegionSolvers/scratch/profiles/paper_3rep_20260716/interactive_repart_20260716_184000/tasks/cpu_rp450_rep2/cpu.log,/pscratch/sd/r/rchanani/LegionSolvers/scratch/profiles/paper_3rep_20260716/interactive_repart_20260716_184000/tasks/cpu_rp450_rep2/result.csv
cpu,3,100000000,2000,450,16.5237,121.038,12103.8,36.3114,/pscratch/sd/r/rchanani/LegionSolvers/scratch/profiles/paper_3rep_20260716/interactive_repart_20260716_184000/tasks/cpu_rp450_rep3/cpu.gz,/pscratch/sd/r/rchanani/LegionSolvers/scratch/profiles/paper_3rep_20260716/interactive_repart_20260716_184000/tasks/cpu_rp450_rep3/cpu.log,/pscratch/sd/r/rchanani/LegionSolvers/scratch/profiles/paper_3rep_20260716/interactive_repart_20260716_184000/tasks/cpu_rp450_rep3/result.csv
cpu,1,100000000,2000,500,15.6413,127.867,12786.7,38.3601,/pscratch/sd/r/rchanani/LegionSolvers/scratch/profiles/paper_3rep_20260716/interactive_repart_20260716_184000/tasks/cpu_rp500_rep1/cpu.gz,/pscratch/sd/r/rchanani/LegionSolvers/scratch/profiles/paper_3rep_20260716/interactive_repart_20260716_184000/tasks/cpu_rp500_rep1/cpu.log,/pscratch/sd/r/rchanani/LegionSolvers/scratch/profiles/paper_3rep_20260716/interactive_repart_20260716_184000/tasks/cpu_rp500_rep1/result.csv
cpu,2,100000000,2000,500,15.0743,132.676,13267.6,39.8028,/pscratch/sd/r/rchanani/LegionSolvers/scratch/profiles/paper_3rep_20260716/interactive_repart_20260716_184000/tasks/cpu_rp500_rep2/cpu.gz,/pscratch/sd/r/rchanani/LegionSolvers/scratch/profiles/paper_3rep_20260716/interactive_repart_20260716_184000/tasks/cpu_rp500_rep2/cpu.log,/pscratch/sd/r/rchanani/LegionSolvers/scratch/profiles/paper_3rep_20260716/interactive_repart_20260716_184000/tasks/cpu_rp500_rep2/result.csv
cpu,3,100000000,2000,500,14.9588,133.701,13370.1,40.1102,/pscratch/sd/r/rchanani/LegionSolvers/scratch/profiles/paper_3rep_20260716/interactive_repart_20260716_184000/tasks/cpu_rp500_rep3/cpu.gz,/pscratch/sd/r/rchanani/LegionSolvers/scratch/profiles/paper_3rep_20260716/interactive_repart_20260716_184000/tasks/cpu_rp500_rep3/cpu.log,/pscratch/sd/r/rchanani/LegionSolvers/scratch/profiles/paper_3rep_20260716/interactive_repart_20260716_184000/tasks/cpu_rp500_rep3/result.csv
cpu,1,100000000,2000,50,68.3444,29.2636,2926.36,8.77907,/pscratch/sd/r/rchanani/LegionSolvers/scratch/profiles/paper_3rep_20260716/interactive_repart_20260716_184000/tasks/cpu_rp50_rep1/cpu.gz,/pscratch/sd/r/rchanani/LegionSolvers/scratch/profiles/paper_3rep_20260716/interactive_repart_20260716_184000/tasks/cpu_rp50_rep1/cpu.log,/pscratch/sd/r/rchanani/LegionSolvers/scratch/profiles/paper_3rep_20260716/interactive_repart_20260716_184000/tasks/cpu_rp50_rep1/result.csv
cpu,2,100000000,2000,50,67.5808,29.5942,2959.42,8.87826,/pscratch/sd/r/rchanani/LegionSolvers/scratch/profiles/paper_3rep_20260716/interactive_repart_20260716_184000/tasks/cpu_rp50_rep2/cpu.gz,/pscratch/sd/r/rchanani/LegionSolvers/scratch/profiles/paper_3rep_20260716/interactive_repart_20260716_184000/tasks/cpu_rp50_rep2/cpu.log,/pscratch/sd/r/rchanani/LegionSolvers/scratch/profiles/paper_3rep_20260716/interactive_repart_20260716_184000/tasks/cpu_rp50_rep2/result.csv
cpu,3,100000000,2000,50,66.8765,29.9059,2990.59,8.97177,/pscratch/sd/r/rchanani/LegionSolvers/scratch/profiles/paper_3rep_20260716/interactive_repart_20260716_184000/tasks/cpu_rp50_rep3/cpu.gz,/pscratch/sd/r/rchanani/LegionSolvers/scratch/profiles/paper_3rep_20260716/interactive_repart_20260716_184000/tasks/cpu_rp50_rep3/cpu.log,/pscratch/sd/r/rchanani/LegionSolvers/scratch/profiles/paper_3rep_20260716/interactive_repart_20260716_184000/tasks/cpu_rp50_rep3/result.csv
cpu,1,100000000,2000,5,581.372,3.44014,344.014,1.03204,/pscratch/sd/r/rchanani/LegionSolvers/scratch/profiles/paper_3rep_20260716/interactive_repart_20260716_184000/tasks/cpu_rp5_rep1/cpu.gz,/pscratch/sd/r/rchanani/LegionSolvers/scratch/profiles/paper_3rep_20260716/interactive_repart_20260716_184000/tasks/cpu_rp5_rep1/cpu.log,/pscratch/sd/r/rchanani/LegionSolvers/scratch/profiles/paper_3rep_20260716/interactive_repart_20260716_184000/tasks/cpu_rp5_rep1/result.csv
cpu,2,100000000,2000,5,578.989,3.4543,345.43,1.03629,/pscratch/sd/r/rchanani/LegionSolvers/scratch/profiles/paper_3rep_20260716/interactive_repart_20260716_184000/tasks/cpu_rp5_rep2/cpu.gz,/pscratch/sd/r/rchanani/LegionSolvers/scratch/profiles/paper_3rep_20260716/interactive_repart_20260716_184000/tasks/cpu_rp5_rep2/cpu.log,/pscratch/sd/r/rchanani/LegionSolvers/scratch/profiles/paper_3rep_20260716/interactive_repart_20260716_184000/tasks/cpu_rp5_rep2/result.csv
cpu,3,100000000,2000,5,594.21,3.36581,336.581,1.00974,/pscratch/sd/r/rchanani/LegionSolvers/scratch/profiles/paper_3rep_20260716/interactive_repart_20260716_184000/tasks/cpu_rp5_rep3/cpu.gz,/pscratch/sd/r/rchanani/LegionSolvers/scratch/profiles/paper_3rep_20260716/interactive_repart_20260716_184000/tasks/cpu_rp5_rep3/cpu.log,/pscratch/sd/r/rchanani/LegionSolvers/scratch/profiles/paper_3rep_20260716/interactive_repart_20260716_184000/tasks/cpu_rp5_rep3/result.csv
cpu,1,100000000,2000,600,15.2049,131.537,13153.7,39.461,/pscratch/sd/r/rchanani/LegionSolvers/scratch/profiles/paper_3rep_20260716/interactive_repart_20260716_184000/tasks/cpu_rp600_rep1/cpu.gz,/pscratch/sd/r/rchanani/LegionSolvers/scratch/profiles/paper_3rep_20260716/interactive_repart_20260716_184000/tasks/cpu_rp600_rep1/cpu.log,/pscratch/sd/r/rchanani/LegionSolvers/scratch/profiles/paper_3rep_20260716/interactive_repart_20260716_184000/tasks/cpu_rp600_rep1/result.csv
cpu,2,100000000,2000,600,15.1096,132.366,13236.6,39.7099,/pscratch/sd/r/rchanani/LegionSolvers/scratch/profiles/paper_3rep_20260716/interactive_repart_20260716_184000/tasks/cpu_rp600_rep2/cpu.gz,/pscratch/sd/r/rchanani/LegionSolvers/scratch/profiles/paper_3rep_20260716/interactive_repart_20260716_184000/tasks/cpu_rp600_rep2/cpu.log,/pscratch/sd/r/rchanani/LegionSolvers/scratch/profiles/paper_3rep_20260716/interactive_repart_20260716_184000/tasks/cpu_rp600_rep2/result.csv
cpu,3,100000000,2000,600,15.233,131.294,13129.4,39.3883,/pscratch/sd/r/rchanani/LegionSolvers/scratch/profiles/paper_3rep_20260716/interactive_repart_20260716_184000/tasks/cpu_rp600_rep3/cpu.gz,/pscratch/sd/r/rchanani/LegionSolvers/scratch/profiles/paper_3rep_20260716/interactive_repart_20260716_184000/tasks/cpu_rp600_rep3/cpu.log,/pscratch/sd/r/rchanani/LegionSolvers/scratch/profiles/paper_3rep_20260716/interactive_repart_20260716_184000/tasks/cpu_rp600_rep3/result.csv
cpu,1,100000000,2000,700,14.008,142.776,14277.6,42.8327,/pscratch/sd/r/rchanani/LegionSolvers/scratch/profiles/paper_3rep_20260716/interactive_repart_20260716_184000/tasks/cpu_rp700_rep1/cpu.gz,/pscratch/sd/r/rchanani/LegionSolvers/scratch/profiles/paper_3rep_20260716/interactive_repart_20260716_184000/tasks/cpu_rp700_rep1/cpu.log,/pscratch/sd/r/rchanani/LegionSolvers/scratch/profiles/paper_3rep_20260716/interactive_repart_20260716_184000/tasks/cpu_rp700_rep1/result.csv
cpu,2,100000000,2000,700,13.5598,147.495,14749.5,44.2485,/pscratch/sd/r/rchanani/LegionSolvers/scratch/profiles/paper_3rep_20260716/interactive_repart_20260716_184000/tasks/cpu_rp700_rep2/cpu.gz,/pscratch/sd/r/rchanani/LegionSolvers/scratch/profiles/paper_3rep_20260716/interactive_repart_20260716_184000/tasks/cpu_rp700_rep2/cpu.log,/pscratch/sd/r/rchanani/LegionSolvers/scratch/profiles/paper_3rep_20260716/interactive_repart_20260716_184000/tasks/cpu_rp700_rep2/result.csv
cpu,3,100000000,2000,700,13.4856,148.306,14830.6,44.4919,/pscratch/sd/r/rchanani/LegionSolvers/scratch/profiles/paper_3rep_20260716/interactive_repart_20260716_184000/tasks/cpu_rp700_rep3/cpu.gz,/pscratch/sd/r/rchanani/LegionSolvers/scratch/profiles/paper_3rep_20260716/interactive_repart_20260716_184000/tasks/cpu_rp700_rep3/cpu.log,/pscratch/sd/r/rchanani/LegionSolvers/scratch/profiles/paper_3rep_20260716/interactive_repart_20260716_184000/tasks/cpu_rp700_rep3/result.csv
cpu,1,100000000,2000,800,13.4755,148.417,14841.7,44.5252,/pscratch/sd/r/rchanani/LegionSolvers/scratch/profiles/paper_3rep_20260716/interactive_repart_20260716_184000/tasks/cpu_rp800_rep1/cpu.gz,/pscratch/sd/r/rchanani/LegionSolvers/scratch/profiles/paper_3rep_20260716/interactive_repart_20260716_184000/tasks/cpu_rp800_rep1/cpu.log,/pscratch/sd/r/rchanani/LegionSolvers/scratch/profiles/paper_3rep_20260716/interactive_repart_20260716_184000/tasks/cpu_rp800_rep1/result.csv
cpu,2,100000000,2000,800,13.4765,148.407,14840.7,44.5221,/pscratch/sd/r/rchanani/LegionSolvers/scratch/profiles/paper_3rep_20260716/interactive_repart_20260716_184000/tasks/cpu_rp800_rep2/cpu.gz,/pscratch/sd/r/rchanani/LegionSolvers/scratch/profiles/paper_3rep_20260716/interactive_repart_20260716_184000/tasks/cpu_rp800_rep2/cpu.log,/pscratch/sd/r/rchanani/LegionSolvers/scratch/profiles/paper_3rep_20260716/interactive_repart_20260716_184000/tasks/cpu_rp800_rep2/result.csv
cpu,3,100000000,2000,800,13.4779,148.391,14839.1,44.5172,/pscratch/sd/r/rchanani/LegionSolvers/scratch/profiles/paper_3rep_20260716/interactive_repart_20260716_184000/tasks/cpu_rp800_rep3/cpu.gz,/pscratch/sd/r/rchanani/LegionSolvers/scratch/profiles/paper_3rep_20260716/interactive_repart_20260716_184000/tasks/cpu_rp800_rep3/cpu.log,/pscratch/sd/r/rchanani/LegionSolvers/scratch/profiles/paper_3rep_20260716/interactive_repart_20260716_184000/tasks/cpu_rp800_rep3/result.csv
cpu,1,100000000,2000,900,13.7381,145.58,14558,43.6741,/pscratch/sd/r/rchanani/LegionSolvers/scratch/profiles/paper_3rep_20260716/interactive_repart_20260716_184000/tasks/cpu_rp900_rep1/cpu.gz,/pscratch/sd/r/rchanani/LegionSolvers/scratch/profiles/paper_3rep_20260716/interactive_repart_20260716_184000/tasks/cpu_rp900_rep1/cpu.log,/pscratch/sd/r/rchanani/LegionSolvers/scratch/profiles/paper_3rep_20260716/interactive_repart_20260716_184000/tasks/cpu_rp900_rep1/result.csv
cpu,2,100000000,2000,900,13.4341,148.875,14887.5,44.6626,/pscratch/sd/r/rchanani/LegionSolvers/scratch/profiles/paper_3rep_20260716/interactive_repart_20260716_184000/tasks/cpu_rp900_rep2/cpu.gz,/pscratch/sd/r/rchanani/LegionSolvers/scratch/profiles/paper_3rep_20260716/interactive_repart_20260716_184000/tasks/cpu_rp900_rep2/cpu.log,/pscratch/sd/r/rchanani/LegionSolvers/scratch/profiles/paper_3rep_20260716/interactive_repart_20260716_184000/tasks/cpu_rp900_rep2/result.csv
cpu,3,100000000,2000,900,13.6406,146.621,14662.1,43.9862,/pscratch/sd/r/rchanani/LegionSolvers/scratch/profiles/paper_3rep_20260716/interactive_repart_20260716_184000/tasks/cpu_rp900_rep3/cpu.gz,/pscratch/sd/r/rchanani/LegionSolvers/scratch/profiles/paper_3rep_20260716/interactive_repart_20260716_184000/tasks/cpu_rp900_rep3/cpu.log,/pscratch/sd/r/rchanani/LegionSolvers/scratch/profiles/paper_3rep_20260716/interactive_repart_20260716_184000/tasks/cpu_rp900_rep3/result.csv
gpu,1,100000000,2000,0,10.9401,182.813,18281.3,54.8439,/pscratch/sd/r/rchanani/LegionSolvers/scratch/profiles/paper_3rep_20260716/interactive_repart_20260716_184000/tasks/gpu_rp0_rep1/gpu.gz,/pscratch/sd/r/rchanani/LegionSolvers/scratch/profiles/paper_3rep_20260716/interactive_repart_20260716_184000/tasks/gpu_rp0_rep1/gpu.log,/pscratch/sd/r/rchanani/LegionSolvers/scratch/profiles/paper_3rep_20260716/interactive_repart_20260716_184000/tasks/gpu_rp0_rep1/result.csv
gpu,2,100000000,2000,0,10.8533,184.276,18427.6,55.2827,/pscratch/sd/r/rchanani/LegionSolvers/scratch/profiles/paper_3rep_20260716/interactive_repart_20260716_184000/tasks/gpu_rp0_rep2/gpu.gz,/pscratch/sd/r/rchanani/LegionSolvers/scratch/profiles/paper_3rep_20260716/interactive_repart_20260716_184000/tasks/gpu_rp0_rep2/gpu.log,/pscratch/sd/r/rchanani/LegionSolvers/scratch/profiles/paper_3rep_20260716/interactive_repart_20260716_184000/tasks/gpu_rp0_rep2/result.csv
gpu,3,100000000,2000,0,11.0414,181.137,18113.7,54.341,/pscratch/sd/r/rchanani/LegionSolvers/scratch/profiles/paper_3rep_20260716/interactive_repart_20260716_184000/tasks/gpu_rp0_rep3/gpu.gz,/pscratch/sd/r/rchanani/LegionSolvers/scratch/profiles/paper_3rep_20260716/interactive_repart_20260716_184000/tasks/gpu_rp0_rep3/gpu.log,/pscratch/sd/r/rchanani/LegionSolvers/scratch/profiles/paper_3rep_20260716/interactive_repart_20260716_184000/tasks/gpu_rp0_rep3/result.csv
gpu,1,100000000,2000,1000,10.556,189.465,18946.5,56.8395,/pscratch/sd/r/rchanani/LegionSolvers/scratch/profiles/paper_3rep_20260716/interactive_repart_20260716_184000/tasks/gpu_rp1000_rep1/gpu.gz,/pscratch/sd/r/rchanani/LegionSolvers/scratch/profiles/paper_3rep_20260716/interactive_repart_20260716_184000/tasks/gpu_rp1000_rep1/gpu.log,/pscratch/sd/r/rchanani/LegionSolvers/scratch/profiles/paper_3rep_20260716/interactive_repart_20260716_184000/tasks/gpu_rp1000_rep1/result.csv
gpu,2,100000000,2000,1000,10.7412,186.199,18619.9,55.8597,/pscratch/sd/r/rchanani/LegionSolvers/scratch/profiles/paper_3rep_20260716/interactive_repart_20260716_184000/tasks/gpu_rp1000_rep2/gpu.gz,/pscratch/sd/r/rchanani/LegionSolvers/scratch/profiles/paper_3rep_20260716/interactive_repart_20260716_184000/tasks/gpu_rp1000_rep2/gpu.log,/pscratch/sd/r/rchanani/LegionSolvers/scratch/profiles/paper_3rep_20260716/interactive_repart_20260716_184000/tasks/gpu_rp1000_rep2/result.csv
gpu,3,100000000,2000,1000,10.6615,187.59,18759,56.2771,/pscratch/sd/r/rchanani/LegionSolvers/scratch/profiles/paper_3rep_20260716/interactive_repart_20260716_184000/tasks/gpu_rp1000_rep3/gpu.gz,/pscratch/sd/r/rchanani/LegionSolvers/scratch/profiles/paper_3rep_20260716/interactive_repart_20260716_184000/tasks/gpu_rp1000_rep3/gpu.log,/pscratch/sd/r/rchanani/LegionSolvers/scratch/profiles/paper_3rep_20260716/interactive_repart_20260716_184000/tasks/gpu_rp1000_rep3/result.csv
gpu,1,100000000,2000,100,12.3923,161.39,16139,48.4171,/pscratch/sd/r/rchanani/LegionSolvers/scratch/profiles/paper_3rep_20260716/interactive_repart_20260716_184000/tasks/gpu_rp100_rep1/gpu.gz,/pscratch/sd/r/rchanani/LegionSolvers/scratch/profiles/paper_3rep_20260716/interactive_repart_20260716_184000/tasks/gpu_rp100_rep1/gpu.log,/pscratch/sd/r/rchanani/LegionSolvers/scratch/profiles/paper_3rep_20260716/interactive_repart_20260716_184000/tasks/gpu_rp100_rep1/result.csv
gpu,2,100000000,2000,100,12.5337,159.569,15956.9,47.8708,/pscratch/sd/r/rchanani/LegionSolvers/scratch/profiles/paper_3rep_20260716/interactive_repart_20260716_184000/tasks/gpu_rp100_rep2/gpu.gz,/pscratch/sd/r/rchanani/LegionSolvers/scratch/profiles/paper_3rep_20260716/interactive_repart_20260716_184000/tasks/gpu_rp100_rep2/gpu.log,/pscratch/sd/r/rchanani/LegionSolvers/scratch/profiles/paper_3rep_20260716/interactive_repart_20260716_184000/tasks/gpu_rp100_rep2/result.csv
gpu,3,100000000,2000,100,12.2966,162.647,16264.7,48.794,/pscratch/sd/r/rchanani/LegionSolvers/scratch/profiles/paper_3rep_20260716/interactive_repart_20260716_184000/tasks/gpu_rp100_rep3/gpu.gz,/pscratch/sd/r/rchanani/LegionSolvers/scratch/profiles/paper_3rep_20260716/interactive_repart_20260716_184000/tasks/gpu_rp100_rep3/gpu.log,/pscratch/sd/r/rchanani/LegionSolvers/scratch/profiles/paper_3rep_20260716/interactive_repart_20260716_184000/tasks/gpu_rp100_rep3/result.csv
gpu,1,100000000,2000,10,25.9444,77.088,7708.8,23.1264,/pscratch/sd/r/rchanani/LegionSolvers/scratch/profiles/paper_3rep_20260716/interactive_repart_20260716_184000/tasks/gpu_rp10_rep1/gpu.gz,/pscratch/sd/r/rchanani/LegionSolvers/scratch/profiles/paper_3rep_20260716/interactive_repart_20260716_184000/tasks/gpu_rp10_rep1/gpu.log,/pscratch/sd/r/rchanani/LegionSolvers/scratch/profiles/paper_3rep_20260716/interactive_repart_20260716_184000/tasks/gpu_rp10_rep1/result.csv
gpu,2,100000000,2000,10,25.8976,77.2273,7722.73,23.1682,/pscratch/sd/r/rchanani/LegionSolvers/scratch/profiles/paper_3rep_20260716/interactive_repart_20260716_184000/tasks/gpu_rp10_rep2/gpu.gz,/pscratch/sd/r/rchanani/LegionSolvers/scratch/profiles/paper_3rep_20260716/interactive_repart_20260716_184000/tasks/gpu_rp10_rep2/gpu.log,/pscratch/sd/r/rchanani/LegionSolvers/scratch/profiles/paper_3rep_20260716/interactive_repart_20260716_184000/tasks/gpu_rp10_rep2/result.csv
gpu,3,100000000,2000,10,25.9534,77.0612,7706.12,23.1183,/pscratch/sd/r/rchanani/LegionSolvers/scratch/profiles/paper_3rep_20260716/interactive_repart_20260716_184000/tasks/gpu_rp10_rep3/gpu.gz,/pscratch/sd/r/rchanani/LegionSolvers/scratch/profiles/paper_3rep_20260716/interactive_repart_20260716_184000/tasks/gpu_rp10_rep3/gpu.log,/pscratch/sd/r/rchanani/LegionSolvers/scratch/profiles/paper_3rep_20260716/interactive_repart_20260716_184000/tasks/gpu_rp10_rep3/result.csv
gpu,1,100000000,2000,1200,10.6313,188.123,18812.3,56.437,/pscratch/sd/r/rchanani/LegionSolvers/scratch/profiles/paper_3rep_20260716/interactive_repart_20260716_184000/tasks/gpu_rp1200_rep1/gpu.gz,/pscratch/sd/r/rchanani/LegionSolvers/scratch/profiles/paper_3rep_20260716/interactive_repart_20260716_184000/tasks/gpu_rp1200_rep1/gpu.log,/pscratch/sd/r/rchanani/LegionSolvers/scratch/profiles/paper_3rep_20260716/interactive_repart_20260716_184000/tasks/gpu_rp1200_rep1/result.csv
gpu,2,100000000,2000,1200,10.54,189.754,18975.4,56.9262,/pscratch/sd/r/rchanani/LegionSolvers/scratch/profiles/paper_3rep_20260716/interactive_repart_20260716_184000/tasks/gpu_rp1200_rep2/gpu.gz,/pscratch/sd/r/rchanani/LegionSolvers/scratch/profiles/paper_3rep_20260716/interactive_repart_20260716_184000/tasks/gpu_rp1200_rep2/gpu.log,/pscratch/sd/r/rchanani/LegionSolvers/scratch/profiles/paper_3rep_20260716/interactive_repart_20260716_184000/tasks/gpu_rp1200_rep2/result.csv
gpu,3,100000000,2000,1200,10.6443,187.893,18789.3,56.368,/pscratch/sd/r/rchanani/LegionSolvers/scratch/profiles/paper_3rep_20260716/interactive_repart_20260716_184000/tasks/gpu_rp1200_rep3/gpu.gz,/pscratch/sd/r/rchanani/LegionSolvers/scratch/profiles/paper_3rep_20260716/interactive_repart_20260716_184000/tasks/gpu_rp1200_rep3/gpu.log,/pscratch/sd/r/rchanani/LegionSolvers/scratch/profiles/paper_3rep_20260716/interactive_repart_20260716_184000/tasks/gpu_rp1200_rep3/result.csv
gpu,1,100000000,2000,1400,10.7698,185.704,18570.4,55.7113,/pscratch/sd/r/rchanani/LegionSolvers/scratch/profiles/paper_3rep_20260716/interactive_repart_20260716_184000/tasks/gpu_rp1400_rep1/gpu.gz,/pscratch/sd/r/rchanani/LegionSolvers/scratch/profiles/paper_3rep_20260716/interactive_repart_20260716_184000/tasks/gpu_rp1400_rep1/gpu.log,/pscratch/sd/r/rchanani/LegionSolvers/scratch/profiles/paper_3rep_20260716/interactive_repart_20260716_184000/tasks/gpu_rp1400_rep1/result.csv
gpu,2,100000000,2000,1400,10.622,188.288,18828.8,56.4863,/pscratch/sd/r/rchanani/LegionSolvers/scratch/profiles/paper_3rep_20260716/interactive_repart_20260716_184000/tasks/gpu_rp1400_rep2/gpu.gz,/pscratch/sd/r/rchanani/LegionSolvers/scratch/profiles/paper_3rep_20260716/interactive_repart_20260716_184000/tasks/gpu_rp1400_rep2/gpu.log,/pscratch/sd/r/rchanani/LegionSolvers/scratch/profiles/paper_3rep_20260716/interactive_repart_20260716_184000/tasks/gpu_rp1400_rep2/result.csv
gpu,3,100000000,2000,1400,10.7543,185.972,18597.2,55.7916,/pscratch/sd/r/rchanani/LegionSolvers/scratch/profiles/paper_3rep_20260716/interactive_repart_20260716_184000/tasks/gpu_rp1400_rep3/gpu.gz,/pscratch/sd/r/rchanani/LegionSolvers/scratch/profiles/paper_3rep_20260716/interactive_repart_20260716_184000/tasks/gpu_rp1400_rep3/gpu.log,/pscratch/sd/r/rchanani/LegionSolvers/scratch/profiles/paper_3rep_20260716/interactive_repart_20260716_184000/tasks/gpu_rp1400_rep3/result.csv
gpu,1,100000000,2000,1500,11.1532,179.32,17932,53.7961,/pscratch/sd/r/rchanani/LegionSolvers/scratch/profiles/paper_3rep_20260716/interactive_repart_20260716_184000/tasks/gpu_rp1500_rep1/gpu.gz,/pscratch/sd/r/rchanani/LegionSolvers/scratch/profiles/paper_3rep_20260716/interactive_repart_20260716_184000/tasks/gpu_rp1500_rep1/gpu.log,/pscratch/sd/r/rchanani/LegionSolvers/scratch/profiles/paper_3rep_20260716/interactive_repart_20260716_184000/tasks/gpu_rp1500_rep1/result.csv
gpu,2,100000000,2000,1500,10.7569,185.927,18592.7,55.7781,/pscratch/sd/r/rchanani/LegionSolvers/scratch/profiles/paper_3rep_20260716/interactive_repart_20260716_184000/tasks/gpu_rp1500_rep2/gpu.gz,/pscratch/sd/r/rchanani/LegionSolvers/scratch/profiles/paper_3rep_20260716/interactive_repart_20260716_184000/tasks/gpu_rp1500_rep2/gpu.log,/pscratch/sd/r/rchanani/LegionSolvers/scratch/profiles/paper_3rep_20260716/interactive_repart_20260716_184000/tasks/gpu_rp1500_rep2/result.csv
gpu,3,100000000,2000,1500,10.5925,188.812,18881.2,56.6437,/pscratch/sd/r/rchanani/LegionSolvers/scratch/profiles/paper_3rep_20260716/interactive_repart_20260716_184000/tasks/gpu_rp1500_rep3/gpu.gz,/pscratch/sd/r/rchanani/LegionSolvers/scratch/profiles/paper_3rep_20260716/interactive_repart_20260716_184000/tasks/gpu_rp1500_rep3/gpu.log,/pscratch/sd/r/rchanani/LegionSolvers/scratch/profiles/paper_3rep_20260716/interactive_repart_20260716_184000/tasks/gpu_rp1500_rep3/result.csv
gpu,1,100000000,2000,150,11.9007,168.057,16805.7,50.4171,/pscratch/sd/r/rchanani/LegionSolvers/scratch/profiles/paper_3rep_20260716/interactive_repart_20260716_184000/tasks/gpu_rp150_rep1/gpu.gz,/pscratch/sd/r/rchanani/LegionSolvers/scratch/profiles/paper_3rep_20260716/interactive_repart_20260716_184000/tasks/gpu_rp150_rep1/gpu.log,/pscratch/sd/r/rchanani/LegionSolvers/scratch/profiles/paper_3rep_20260716/interactive_repart_20260716_184000/tasks/gpu_rp150_rep1/result.csv
gpu,2,100000000,2000,150,11.8921,168.179,16817.9,50.4538,/pscratch/sd/r/rchanani/LegionSolvers/scratch/profiles/paper_3rep_20260716/interactive_repart_20260716_184000/tasks/gpu_rp150_rep2/gpu.gz,/pscratch/sd/r/rchanani/LegionSolvers/scratch/profiles/paper_3rep_20260716/interactive_repart_20260716_184000/tasks/gpu_rp150_rep2/gpu.log,/pscratch/sd/r/rchanani/LegionSolvers/scratch/profiles/paper_3rep_20260716/interactive_repart_20260716_184000/tasks/gpu_rp150_rep2/result.csv
gpu,3,100000000,2000,150,11.8954,168.132,16813.2,50.4395,/pscratch/sd/r/rchanani/LegionSolvers/scratch/profiles/paper_3rep_20260716/interactive_repart_20260716_184000/tasks/gpu_rp150_rep3/gpu.gz,/pscratch/sd/r/rchanani/LegionSolvers/scratch/profiles/paper_3rep_20260716/interactive_repart_20260716_184000/tasks/gpu_rp150_rep3/gpu.log,/pscratch/sd/r/rchanani/LegionSolvers/scratch/profiles/paper_3rep_20260716/interactive_repart_20260716_184000/tasks/gpu_rp150_rep3/result.csv
gpu,1,100000000,2000,1600,10.586,188.929,18892.9,56.6787,/pscratch/sd/r/rchanani/LegionSolvers/scratch/profiles/paper_3rep_20260716/interactive_repart_20260716_184000/tasks/gpu_rp1600_rep1/gpu.gz,/pscratch/sd/r/rchanani/LegionSolvers/scratch/profiles/paper_3rep_20260716/interactive_repart_20260716_184000/tasks/gpu_rp1600_rep1/gpu.log,/pscratch/sd/r/rchanani/LegionSolvers/scratch/profiles/paper_3rep_20260716/interactive_repart_20260716_184000/tasks/gpu_rp1600_rep1/result.csv
gpu,2,100000000,2000,1600,10.5709,189.198,18919.8,56.7593,/pscratch/sd/r/rchanani/LegionSolvers/scratch/profiles/paper_3rep_20260716/interactive_repart_20260716_184000/tasks/gpu_rp1600_rep2/gpu.gz,/pscratch/sd/r/rchanani/LegionSolvers/scratch/profiles/paper_3rep_20260716/interactive_repart_20260716_184000/tasks/gpu_rp1600_rep2/gpu.log,/pscratch/sd/r/rchanani/LegionSolvers/scratch/profiles/paper_3rep_20260716/interactive_repart_20260716_184000/tasks/gpu_rp1600_rep2/result.csv
gpu,3,100000000,2000,1600,10.5371,189.805,18980.5,56.9414,/pscratch/sd/r/rchanani/LegionSolvers/scratch/profiles/paper_3rep_20260716/interactive_repart_20260716_184000/tasks/gpu_rp1600_rep3/gpu.gz,/pscratch/sd/r/rchanani/LegionSolvers/scratch/profiles/paper_3rep_20260716/interactive_repart_20260716_184000/tasks/gpu_rp1600_rep3/gpu.log,/pscratch/sd/r/rchanani/LegionSolvers/scratch/profiles/paper_3rep_20260716/interactive_repart_20260716_184000/tasks/gpu_rp1600_rep3/result.csv
gpu,1,100000000,2000,1800,10.74,186.221,18622.1,55.8662,/pscratch/sd/r/rchanani/LegionSolvers/scratch/profiles/paper_3rep_20260716/interactive_repart_20260716_184000/tasks/gpu_rp1800_rep1/gpu.gz,/pscratch/sd/r/rchanani/LegionSolvers/scratch/profiles/paper_3rep_20260716/interactive_repart_20260716_184000/tasks/gpu_rp1800_rep1/gpu.log,/pscratch/sd/r/rchanani/LegionSolvers/scratch/profiles/paper_3rep_20260716/interactive_repart_20260716_184000/tasks/gpu_rp1800_rep1/result.csv
gpu,2,100000000,2000,1800,10.6168,188.381,18838.1,56.5143,/pscratch/sd/r/rchanani/LegionSolvers/scratch/profiles/paper_3rep_20260716/interactive_repart_20260716_184000/tasks/gpu_rp1800_rep2/gpu.gz,/pscratch/sd/r/rchanani/LegionSolvers/scratch/profiles/paper_3rep_20260716/interactive_repart_20260716_184000/tasks/gpu_rp1800_rep2/gpu.log,/pscratch/sd/r/rchanani/LegionSolvers/scratch/profiles/paper_3rep_20260716/interactive_repart_20260716_184000/tasks/gpu_rp1800_rep2/result.csv
gpu,3,100000000,2000,1800,10.6149,188.415,18841.5,56.5244,/pscratch/sd/r/rchanani/LegionSolvers/scratch/profiles/paper_3rep_20260716/interactive_repart_20260716_184000/tasks/gpu_rp1800_rep3/gpu.gz,/pscratch/sd/r/rchanani/LegionSolvers/scratch/profiles/paper_3rep_20260716/interactive_repart_20260716_184000/tasks/gpu_rp1800_rep3/gpu.log,/pscratch/sd/r/rchanani/LegionSolvers/scratch/profiles/paper_3rep_20260716/interactive_repart_20260716_184000/tasks/gpu_rp1800_rep3/result.csv
gpu,1,100000000,2000,1,161.76,12.364,1236.4,3.70919,/pscratch/sd/r/rchanani/LegionSolvers/scratch/profiles/paper_3rep_20260716/interactive_repart_20260716_184000/tasks/gpu_rp1_rep1/gpu.gz,/pscratch/sd/r/rchanani/LegionSolvers/scratch/profiles/paper_3rep_20260716/interactive_repart_20260716_184000/tasks/gpu_rp1_rep1/gpu.log,/pscratch/sd/r/rchanani/LegionSolvers/scratch/profiles/paper_3rep_20260716/interactive_repart_20260716_184000/tasks/gpu_rp1_rep1/result.csv
gpu,2,100000000,2000,1,161.647,12.3727,1237.27,3.7118,/pscratch/sd/r/rchanani/LegionSolvers/scratch/profiles/paper_3rep_20260716/interactive_repart_20260716_184000/tasks/gpu_rp1_rep2/gpu.gz,/pscratch/sd/r/rchanani/LegionSolvers/scratch/profiles/paper_3rep_20260716/interactive_repart_20260716_184000/tasks/gpu_rp1_rep2/gpu.log,/pscratch/sd/r/rchanani/LegionSolvers/scratch/profiles/paper_3rep_20260716/interactive_repart_20260716_184000/tasks/gpu_rp1_rep2/result.csv
gpu,3,100000000,2000,1,161.922,12.3516,1235.16,3.70548,/pscratch/sd/r/rchanani/LegionSolvers/scratch/profiles/paper_3rep_20260716/interactive_repart_20260716_184000/tasks/gpu_rp1_rep3/gpu.gz,/pscratch/sd/r/rchanani/LegionSolvers/scratch/profiles/paper_3rep_20260716/interactive_repart_20260716_184000/tasks/gpu_rp1_rep3/gpu.log,/pscratch/sd/r/rchanani/LegionSolvers/scratch/profiles/paper_3rep_20260716/interactive_repart_20260716_184000/tasks/gpu_rp1_rep3/result.csv
gpu,1,100000000,2000,2000,10.9108,183.304,18330.4,54.9913,/pscratch/sd/r/rchanani/LegionSolvers/scratch/profiles/paper_3rep_20260716/interactive_repart_20260716_184000/tasks/gpu_rp2000_rep1/gpu.gz,/pscratch/sd/r/rchanani/LegionSolvers/scratch/profiles/paper_3rep_20260716/interactive_repart_20260716_184000/tasks/gpu_rp2000_rep1/gpu.log,/pscratch/sd/r/rchanani/LegionSolvers/scratch/profiles/paper_3rep_20260716/interactive_repart_20260716_184000/tasks/gpu_rp2000_rep1/result.csv
gpu,2,100000000,2000,2000,11.0064,181.712,18171.2,54.5137,/pscratch/sd/r/rchanani/LegionSolvers/scratch/profiles/paper_3rep_20260716/interactive_repart_20260716_184000/tasks/gpu_rp2000_rep2/gpu.gz,/pscratch/sd/r/rchanani/LegionSolvers/scratch/profiles/paper_3rep_20260716/interactive_repart_20260716_184000/tasks/gpu_rp2000_rep2/gpu.log,/pscratch/sd/r/rchanani/LegionSolvers/scratch/profiles/paper_3rep_20260716/interactive_repart_20260716_184000/tasks/gpu_rp2000_rep2/result.csv
gpu,3,100000000,2000,2000,10.8577,184.201,18420.1,55.2603,/pscratch/sd/r/rchanani/LegionSolvers/scratch/profiles/paper_3rep_20260716/interactive_repart_20260716_184000/tasks/gpu_rp2000_rep3/gpu.gz,/pscratch/sd/r/rchanani/LegionSolvers/scratch/profiles/paper_3rep_20260716/interactive_repart_20260716_184000/tasks/gpu_rp2000_rep3/gpu.log,/pscratch/sd/r/rchanani/LegionSolvers/scratch/profiles/paper_3rep_20260716/interactive_repart_20260716_184000/tasks/gpu_rp2000_rep3/result.csv
gpu,1,100000000,2000,200,11.6838,171.177,17117.7,51.353,/pscratch/sd/r/rchanani/LegionSolvers/scratch/profiles/paper_3rep_20260716/interactive_repart_20260716_184000/tasks/gpu_rp200_rep1/gpu.gz,/pscratch/sd/r/rchanani/LegionSolvers/scratch/profiles/paper_3rep_20260716/interactive_repart_20260716_184000/tasks/gpu_rp200_rep1/gpu.log,/pscratch/sd/r/rchanani/LegionSolvers/scratch/profiles/paper_3rep_20260716/interactive_repart_20260716_184000/tasks/gpu_rp200_rep1/result.csv
gpu,2,100000000,2000,200,11.5619,172.983,17298.3,51.8948,/pscratch/sd/r/rchanani/LegionSolvers/scratch/profiles/paper_3rep_20260716/interactive_repart_20260716_184000/tasks/gpu_rp200_rep2/gpu.gz,/pscratch/sd/r/rchanani/LegionSolvers/scratch/profiles/paper_3rep_20260716/interactive_repart_20260716_184000/tasks/gpu_rp200_rep2/gpu.log,/pscratch/sd/r/rchanani/LegionSolvers/scratch/profiles/paper_3rep_20260716/interactive_repart_20260716_184000/tasks/gpu_rp200_rep2/result.csv
gpu,3,100000000,2000,200,11.4406,174.815,17481.5,52.4446,/pscratch/sd/r/rchanani/LegionSolvers/scratch/profiles/paper_3rep_20260716/interactive_repart_20260716_184000/tasks/gpu_rp200_rep3/gpu.gz,/pscratch/sd/r/rchanani/LegionSolvers/scratch/profiles/paper_3rep_20260716/interactive_repart_20260716_184000/tasks/gpu_rp200_rep3/gpu.log,/pscratch/sd/r/rchanani/LegionSolvers/scratch/profiles/paper_3rep_20260716/interactive_repart_20260716_184000/tasks/gpu_rp200_rep3/result.csv
gpu,1,100000000,2000,250,11.3767,175.799,17579.9,52.7396,/pscratch/sd/r/rchanani/LegionSolvers/scratch/profiles/paper_3rep_20260716/interactive_repart_20260716_184000/tasks/gpu_rp250_rep1/gpu.gz,/pscratch/sd/r/rchanani/LegionSolvers/scratch/profiles/paper_3rep_20260716/interactive_repart_20260716_184000/tasks/gpu_rp250_rep1/gpu.log,/pscratch/sd/r/rchanani/LegionSolvers/scratch/profiles/paper_3rep_20260716/interactive_repart_20260716_184000/tasks/gpu_rp250_rep1/result.csv
gpu,2,100000000,2000,250,11.2896,177.155,17715.5,53.1465,/pscratch/sd/r/rchanani/LegionSolvers/scratch/profiles/paper_3rep_20260716/interactive_repart_20260716_184000/tasks/gpu_rp250_rep2/gpu.gz,/pscratch/sd/r/rchanani/LegionSolvers/scratch/profiles/paper_3rep_20260716/interactive_repart_20260716_184000/tasks/gpu_rp250_rep2/gpu.log,/pscratch/sd/r/rchanani/LegionSolvers/scratch/profiles/paper_3rep_20260716/interactive_repart_20260716_184000/tasks/gpu_rp250_rep2/result.csv
gpu,3,100000000,2000,250,11.242,177.904,17790.4,53.3713,/pscratch/sd/r/rchanani/LegionSolvers/scratch/profiles/paper_3rep_20260716/interactive_repart_20260716_184000/tasks/gpu_rp250_rep3/gpu.gz,/pscratch/sd/r/rchanani/LegionSolvers/scratch/profiles/paper_3rep_20260716/interactive_repart_20260716_184000/tasks/gpu_rp250_rep3/gpu.log,/pscratch/sd/r/rchanani/LegionSolvers/scratch/profiles/paper_3rep_20260716/interactive_repart_20260716_184000/tasks/gpu_rp250_rep3/result.csv
gpu,1,100000000,2000,25,17.0081,117.591,11759.1,35.2774,/pscratch/sd/r/rchanani/LegionSolvers/scratch/profiles/paper_3rep_20260716/interactive_repart_20260716_184000/tasks/gpu_rp25_rep1/gpu.gz,/pscratch/sd/r/rchanani/LegionSolvers/scratch/profiles/paper_3rep_20260716/interactive_repart_20260716_184000/tasks/gpu_rp25_rep1/gpu.log,/pscratch/sd/r/rchanani/LegionSolvers/scratch/profiles/paper_3rep_20260716/interactive_repart_20260716_184000/tasks/gpu_rp25_rep1/result.csv
gpu,2,100000000,2000,25,16.9903,117.714,11771.4,35.3143,/pscratch/sd/r/rchanani/LegionSolvers/scratch/profiles/paper_3rep_20260716/interactive_repart_20260716_184000/tasks/gpu_rp25_rep2/gpu.gz,/pscratch/sd/r/rchanani/LegionSolvers/scratch/profiles/paper_3rep_20260716/interactive_repart_20260716_184000/tasks/gpu_rp25_rep2/gpu.log,/pscratch/sd/r/rchanani/LegionSolvers/scratch/profiles/paper_3rep_20260716/interactive_repart_20260716_184000/tasks/gpu_rp25_rep2/result.csv
gpu,3,100000000,2000,25,17.0219,117.496,11749.6,35.2487,/pscratch/sd/r/rchanani/LegionSolvers/scratch/profiles/paper_3rep_20260716/interactive_repart_20260716_184000/tasks/gpu_rp25_rep3/gpu.gz,/pscratch/sd/r/rchanani/LegionSolvers/scratch/profiles/paper_3rep_20260716/interactive_repart_20260716_184000/tasks/gpu_rp25_rep3/gpu.log,/pscratch/sd/r/rchanani/LegionSolvers/scratch/profiles/paper_3rep_20260716/interactive_repart_20260716_184000/tasks/gpu_rp25_rep3/result.csv
gpu,1,100000000,2000,2,86.3943,23.1497,2314.97,6.9449,/pscratch/sd/r/rchanani/LegionSolvers/scratch/profiles/paper_3rep_20260716/interactive_repart_20260716_184000/tasks/gpu_rp2_rep1/gpu.gz,/pscratch/sd/r/rchanani/LegionSolvers/scratch/profiles/paper_3rep_20260716/interactive_repart_20260716_184000/tasks/gpu_rp2_rep1/gpu.log,/pscratch/sd/r/rchanani/LegionSolvers/scratch/profiles/paper_3rep_20260716/interactive_repart_20260716_184000/tasks/gpu_rp2_rep1/result.csv
gpu,2,100000000,2000,2,86.3813,23.1531,2315.31,6.94594,/pscratch/sd/r/rchanani/LegionSolvers/scratch/profiles/paper_3rep_20260716/interactive_repart_20260716_184000/tasks/gpu_rp2_rep2/gpu.gz,/pscratch/sd/r/rchanani/LegionSolvers/scratch/profiles/paper_3rep_20260716/interactive_repart_20260716_184000/tasks/gpu_rp2_rep2/gpu.log,/pscratch/sd/r/rchanani/LegionSolvers/scratch/profiles/paper_3rep_20260716/interactive_repart_20260716_184000/tasks/gpu_rp2_rep2/result.csv
gpu,3,100000000,2000,2,86.3064,23.1732,2317.32,6.95197,/pscratch/sd/r/rchanani/LegionSolvers/scratch/profiles/paper_3rep_20260716/interactive_repart_20260716_184000/tasks/gpu_rp2_rep3/gpu.gz,/pscratch/sd/r/rchanani/LegionSolvers/scratch/profiles/paper_3rep_20260716/interactive_repart_20260716_184000/tasks/gpu_rp2_rep3/gpu.log,/pscratch/sd/r/rchanani/LegionSolvers/scratch/profiles/paper_3rep_20260716/interactive_repart_20260716_184000/tasks/gpu_rp2_rep3/result.csv
gpu,1,100000000,2000,300,11.2793,177.316,17731.6,53.1947,/pscratch/sd/r/rchanani/LegionSolvers/scratch/profiles/paper_3rep_20260716/interactive_repart_20260716_184000/tasks/gpu_rp300_rep1/gpu.gz,/pscratch/sd/r/rchanani/LegionSolvers/scratch/profiles/paper_3rep_20260716/interactive_repart_20260716_184000/tasks/gpu_rp300_rep1/gpu.log,/pscratch/sd/r/rchanani/LegionSolvers/scratch/profiles/paper_3rep_20260716/interactive_repart_20260716_184000/tasks/gpu_rp300_rep1/result.csv
gpu,2,100000000,2000,300,11.4599,174.521,17452.1,52.3564,/pscratch/sd/r/rchanani/LegionSolvers/scratch/profiles/paper_3rep_20260716/interactive_repart_20260716_184000/tasks/gpu_rp300_rep2/gpu.gz,/pscratch/sd/r/rchanani/LegionSolvers/scratch/profiles/paper_3rep_20260716/interactive_repart_20260716_184000/tasks/gpu_rp300_rep2/gpu.log,/pscratch/sd/r/rchanani/LegionSolvers/scratch/profiles/paper_3rep_20260716/interactive_repart_20260716_184000/tasks/gpu_rp300_rep2/result.csv
gpu,3,100000000,2000,300,11.224,178.189,17818.9,53.4568,/pscratch/sd/r/rchanani/LegionSolvers/scratch/profiles/paper_3rep_20260716/interactive_repart_20260716_184000/tasks/gpu_rp300_rep3/gpu.gz,/pscratch/sd/r/rchanani/LegionSolvers/scratch/profiles/paper_3rep_20260716/interactive_repart_20260716_184000/tasks/gpu_rp300_rep3/gpu.log,/pscratch/sd/r/rchanani/LegionSolvers/scratch/profiles/paper_3rep_20260716/interactive_repart_20260716_184000/tasks/gpu_rp300_rep3/result.csv
gpu,1,100000000,2000,350,11.0451,181.075,18107.5,54.3226,/pscratch/sd/r/rchanani/LegionSolvers/scratch/profiles/paper_3rep_20260716/interactive_repart_20260716_184000/tasks/gpu_rp350_rep1/gpu.gz,/pscratch/sd/r/rchanani/LegionSolvers/scratch/profiles/paper_3rep_20260716/interactive_repart_20260716_184000/tasks/gpu_rp350_rep1/gpu.log,/pscratch/sd/r/rchanani/LegionSolvers/scratch/profiles/paper_3rep_20260716/interactive_repart_20260716_184000/tasks/gpu_rp350_rep1/result.csv
gpu,2,100000000,2000,350,11.1177,179.893,17989.3,53.9678,/pscratch/sd/r/rchanani/LegionSolvers/scratch/profiles/paper_3rep_20260716/interactive_repart_20260716_184000/tasks/gpu_rp350_rep2/gpu.gz,/pscratch/sd/r/rchanani/LegionSolvers/scratch/profiles/paper_3rep_20260716/interactive_repart_20260716_184000/tasks/gpu_rp350_rep2/gpu.log,/pscratch/sd/r/rchanani/LegionSolvers/scratch/profiles/paper_3rep_20260716/interactive_repart_20260716_184000/tasks/gpu_rp350_rep2/result.csv
gpu,3,100000000,2000,350,11.1565,179.268,17926.8,53.7804,/pscratch/sd/r/rchanani/LegionSolvers/scratch/profiles/paper_3rep_20260716/interactive_repart_20260716_184000/tasks/gpu_rp350_rep3/gpu.gz,/pscratch/sd/r/rchanani/LegionSolvers/scratch/profiles/paper_3rep_20260716/interactive_repart_20260716_184000/tasks/gpu_rp350_rep3/gpu.log,/pscratch/sd/r/rchanani/LegionSolvers/scratch/profiles/paper_3rep_20260716/interactive_repart_20260716_184000/tasks/gpu_rp350_rep3/result.csv
gpu,1,100000000,2000,400,10.9911,181.965,18196.5,54.5895,/pscratch/sd/r/rchanani/LegionSolvers/scratch/profiles/paper_3rep_20260716/interactive_repart_20260716_184000/tasks/gpu_rp400_rep1/gpu.gz,/pscratch/sd/r/rchanani/LegionSolvers/scratch/profiles/paper_3rep_20260716/interactive_repart_20260716_184000/tasks/gpu_rp400_rep1/gpu.log,/pscratch/sd/r/rchanani/LegionSolvers/scratch/profiles/paper_3rep_20260716/interactive_repart_20260716_184000/tasks/gpu_rp400_rep1/result.csv
gpu,2,100000000,2000,400,10.8818,183.793,18379.3,55.1378,/pscratch/sd/r/rchanani/LegionSolvers/scratch/profiles/paper_3rep_20260716/interactive_repart_20260716_184000/tasks/gpu_rp400_rep2/gpu.gz,/pscratch/sd/r/rchanani/LegionSolvers/scratch/profiles/paper_3rep_20260716/interactive_repart_20260716_184000/tasks/gpu_rp400_rep2/gpu.log,/pscratch/sd/r/rchanani/LegionSolvers/scratch/profiles/paper_3rep_20260716/interactive_repart_20260716_184000/tasks/gpu_rp400_rep2/result.csv
gpu,3,100000000,2000,400,10.9993,181.83,18183,54.549,/pscratch/sd/r/rchanani/LegionSolvers/scratch/profiles/paper_3rep_20260716/interactive_repart_20260716_184000/tasks/gpu_rp400_rep3/gpu.gz,/pscratch/sd/r/rchanani/LegionSolvers/scratch/profiles/paper_3rep_20260716/interactive_repart_20260716_184000/tasks/gpu_rp400_rep3/gpu.log,/pscratch/sd/r/rchanani/LegionSolvers/scratch/profiles/paper_3rep_20260716/interactive_repart_20260716_184000/tasks/gpu_rp400_rep3/result.csv
gpu,1,100000000,2000,450,10.9169,183.202,18320.2,54.9606,/pscratch/sd/r/rchanani/LegionSolvers/scratch/profiles/paper_3rep_20260716/interactive_repart_20260716_184000/tasks/gpu_rp450_rep1/gpu.gz,/pscratch/sd/r/rchanani/LegionSolvers/scratch/profiles/paper_3rep_20260716/interactive_repart_20260716_184000/tasks/gpu_rp450_rep1/gpu.log,/pscratch/sd/r/rchanani/LegionSolvers/scratch/profiles/paper_3rep_20260716/interactive_repart_20260716_184000/tasks/gpu_rp450_rep1/result.csv
gpu,2,100000000,2000,450,11.0705,180.66,18066,54.198,/pscratch/sd/r/rchanani/LegionSolvers/scratch/profiles/paper_3rep_20260716/interactive_repart_20260716_184000/tasks/gpu_rp450_rep2/gpu.gz,/pscratch/sd/r/rchanani/LegionSolvers/scratch/profiles/paper_3rep_20260716/interactive_repart_20260716_184000/tasks/gpu_rp450_rep2/gpu.log,/pscratch/sd/r/rchanani/LegionSolvers/scratch/profiles/paper_3rep_20260716/interactive_repart_20260716_184000/tasks/gpu_rp450_rep2/result.csv
gpu,3,100000000,2000,450,11.0625,180.79,18079,54.2371,/pscratch/sd/r/rchanani/LegionSolvers/scratch/profiles/paper_3rep_20260716/interactive_repart_20260716_184000/tasks/gpu_rp450_rep3/gpu.gz,/pscratch/sd/r/rchanani/LegionSolvers/scratch/profiles/paper_3rep_20260716/interactive_repart_20260716_184000/tasks/gpu_rp450_rep3/gpu.log,/pscratch/sd/r/rchanani/LegionSolvers/scratch/profiles/paper_3rep_20260716/interactive_repart_20260716_184000/tasks/gpu_rp450_rep3/result.csv
gpu,1,100000000,2000,500,10.9,183.485,18348.5,55.0456,/pscratch/sd/r/rchanani/LegionSolvers/scratch/profiles/paper_3rep_20260716/interactive_repart_20260716_184000/tasks/gpu_rp500_rep1/gpu.gz,/pscratch/sd/r/rchanani/LegionSolvers/scratch/profiles/paper_3rep_20260716/interactive_repart_20260716_184000/tasks/gpu_rp500_rep1/gpu.log,/pscratch/sd/r/rchanani/LegionSolvers/scratch/profiles/paper_3rep_20260716/interactive_repart_20260716_184000/tasks/gpu_rp500_rep1/result.csv
gpu,2,100000000,2000,500,10.8901,183.654,18365.4,55.0961,/pscratch/sd/r/rchanani/LegionSolvers/scratch/profiles/paper_3rep_20260716/interactive_repart_20260716_184000/tasks/gpu_rp500_rep2/gpu.gz,/pscratch/sd/r/rchanani/LegionSolvers/scratch/profiles/paper_3rep_20260716/interactive_repart_20260716_184000/tasks/gpu_rp500_rep2/gpu.log,/pscratch/sd/r/rchanani/LegionSolvers/scratch/profiles/paper_3rep_20260716/interactive_repart_20260716_184000/tasks/gpu_rp500_rep2/result.csv
gpu,3,100000000,2000,500,10.9906,181.974,18197.4,54.5921,/pscratch/sd/r/rchanani/LegionSolvers/scratch/profiles/paper_3rep_20260716/interactive_repart_20260716_184000/tasks/gpu_rp500_rep3/gpu.gz,/pscratch/sd/r/rchanani/LegionSolvers/scratch/profiles/paper_3rep_20260716/interactive_repart_20260716_184000/tasks/gpu_rp500_rep3/gpu.log,/pscratch/sd/r/rchanani/LegionSolvers/scratch/profiles/paper_3rep_20260716/interactive_repart_20260716_184000/tasks/gpu_rp500_rep3/result.csv
gpu,1,100000000,2000,50,13.859,144.31,14431,43.2931,/pscratch/sd/r/rchanani/LegionSolvers/scratch/profiles/paper_3rep_20260716/interactive_repart_20260716_184000/tasks/gpu_rp50_rep1/gpu.gz,/pscratch/sd/r/rchanani/LegionSolvers/scratch/profiles/paper_3rep_20260716/interactive_repart_20260716_184000/tasks/gpu_rp50_rep1/gpu.log,/pscratch/sd/r/rchanani/LegionSolvers/scratch/profiles/paper_3rep_20260716/interactive_repart_20260716_184000/tasks/gpu_rp50_rep1/result.csv
gpu,2,100000000,2000,50,14.0032,142.824,14282.4,42.8473,/pscratch/sd/r/rchanani/LegionSolvers/scratch/profiles/paper_3rep_20260716/interactive_repart_20260716_184000/tasks/gpu_rp50_rep2/gpu.gz,/pscratch/sd/r/rchanani/LegionSolvers/scratch/profiles/paper_3rep_20260716/interactive_repart_20260716_184000/tasks/gpu_rp50_rep2/gpu.log,/pscratch/sd/r/rchanani/LegionSolvers/scratch/profiles/paper_3rep_20260716/interactive_repart_20260716_184000/tasks/gpu_rp50_rep2/result.csv
gpu,3,100000000,2000,50,13.8862,144.028,14402.8,43.2085,/pscratch/sd/r/rchanani/LegionSolvers/scratch/profiles/paper_3rep_20260716/interactive_repart_20260716_184000/tasks/gpu_rp50_rep3/gpu.gz,/pscratch/sd/r/rchanani/LegionSolvers/scratch/profiles/paper_3rep_20260716/interactive_repart_20260716_184000/tasks/gpu_rp50_rep3/gpu.log,/pscratch/sd/r/rchanani/LegionSolvers/scratch/profiles/paper_3rep_20260716/interactive_repart_20260716_184000/tasks/gpu_rp50_rep3/result.csv
gpu,1,100000000,2000,5,41.1396,48.615,4861.5,14.5845,/pscratch/sd/r/rchanani/LegionSolvers/scratch/profiles/paper_3rep_20260716/interactive_repart_20260716_184000/tasks/gpu_rp5_rep1/gpu.gz,/pscratch/sd/r/rchanani/LegionSolvers/scratch/profiles/paper_3rep_20260716/interactive_repart_20260716_184000/tasks/gpu_rp5_rep1/gpu.log,/pscratch/sd/r/rchanani/LegionSolvers/scratch/profiles/paper_3rep_20260716/interactive_repart_20260716_184000/tasks/gpu_rp5_rep1/result.csv
gpu,2,100000000,2000,5,41.2374,48.4997,4849.97,14.5499,/pscratch/sd/r/rchanani/LegionSolvers/scratch/profiles/paper_3rep_20260716/interactive_repart_20260716_184000/tasks/gpu_rp5_rep2/gpu.gz,/pscratch/sd/r/rchanani/LegionSolvers/scratch/profiles/paper_3rep_20260716/interactive_repart_20260716_184000/tasks/gpu_rp5_rep2/gpu.log,/pscratch/sd/r/rchanani/LegionSolvers/scratch/profiles/paper_3rep_20260716/interactive_repart_20260716_184000/tasks/gpu_rp5_rep2/result.csv
gpu,3,100000000,2000,5,41.2185,48.5219,4852.19,14.5566,/pscratch/sd/r/rchanani/LegionSolvers/scratch/profiles/paper_3rep_20260716/interactive_repart_20260716_184000/tasks/gpu_rp5_rep3/gpu.gz,/pscratch/sd/r/rchanani/LegionSolvers/scratch/profiles/paper_3rep_20260716/interactive_repart_20260716_184000/tasks/gpu_rp5_rep3/gpu.log,/pscratch/sd/r/rchanani/LegionSolvers/scratch/profiles/paper_3rep_20260716/interactive_repart_20260716_184000/tasks/gpu_rp5_rep3/result.csv
gpu,1,100000000,2000,600,11.0614,180.808,18080.8,54.2425,/pscratch/sd/r/rchanani/LegionSolvers/scratch/profiles/paper_3rep_20260716/interactive_repart_20260716_184000/tasks/gpu_rp600_rep1/gpu.gz,/pscratch/sd/r/rchanani/LegionSolvers/scratch/profiles/paper_3rep_20260716/interactive_repart_20260716_184000/tasks/gpu_rp600_rep1/gpu.log,/pscratch/sd/r/rchanani/LegionSolvers/scratch/profiles/paper_3rep_20260716/interactive_repart_20260716_184000/tasks/gpu_rp600_rep1/result.csv
gpu,2,100000000,2000,600,11.1171,179.902,17990.2,53.9707,/pscratch/sd/r/rchanani/LegionSolvers/scratch/profiles/paper_3rep_20260716/interactive_repart_20260716_184000/tasks/gpu_rp600_rep2/gpu.gz,/pscratch/sd/r/rchanani/LegionSolvers/scratch/profiles/paper_3rep_20260716/interactive_repart_20260716_184000/tasks/gpu_rp600_rep2/gpu.log,/pscratch/sd/r/rchanani/LegionSolvers/scratch/profiles/paper_3rep_20260716/interactive_repart_20260716_184000/tasks/gpu_rp600_rep2/result.csv
gpu,3,100000000,2000,600,10.973,182.266,18226.6,54.6798,/pscratch/sd/r/rchanani/LegionSolvers/scratch/profiles/paper_3rep_20260716/interactive_repart_20260716_184000/tasks/gpu_rp600_rep3/gpu.gz,/pscratch/sd/r/rchanani/LegionSolvers/scratch/profiles/paper_3rep_20260716/interactive_repart_20260716_184000/tasks/gpu_rp600_rep3/gpu.log,/pscratch/sd/r/rchanani/LegionSolvers/scratch/profiles/paper_3rep_20260716/interactive_repart_20260716_184000/tasks/gpu_rp600_rep3/result.csv
gpu,1,100000000,2000,700,10.7698,185.704,18570.4,55.7113,/pscratch/sd/r/rchanani/LegionSolvers/scratch/profiles/paper_3rep_20260716/interactive_repart_20260716_184000/tasks/gpu_rp700_rep1/gpu.gz,/pscratch/sd/r/rchanani/LegionSolvers/scratch/profiles/paper_3rep_20260716/interactive_repart_20260716_184000/tasks/gpu_rp700_rep1/gpu.log,/pscratch/sd/r/rchanani/LegionSolvers/scratch/profiles/paper_3rep_20260716/interactive_repart_20260716_184000/tasks/gpu_rp700_rep1/result.csv
gpu,2,100000000,2000,700,10.8694,184.003,18400.3,55.201,/pscratch/sd/r/rchanani/LegionSolvers/scratch/profiles/paper_3rep_20260716/interactive_repart_20260716_184000/tasks/gpu_rp700_rep2/gpu.gz,/pscratch/sd/r/rchanani/LegionSolvers/scratch/profiles/paper_3rep_20260716/interactive_repart_20260716_184000/tasks/gpu_rp700_rep2/gpu.log,/pscratch/sd/r/rchanani/LegionSolvers/scratch/profiles/paper_3rep_20260716/interactive_repart_20260716_184000/tasks/gpu_rp700_rep2/result.csv
gpu,3,100000000,2000,700,10.8321,184.637,18463.7,55.391,/pscratch/sd/r/rchanani/LegionSolvers/scratch/profiles/paper_3rep_20260716/interactive_repart_20260716_184000/tasks/gpu_rp700_rep3/gpu.gz,/pscratch/sd/r/rchanani/LegionSolvers/scratch/profiles/paper_3rep_20260716/interactive_repart_20260716_184000/tasks/gpu_rp700_rep3/gpu.log,/pscratch/sd/r/rchanani/LegionSolvers/scratch/profiles/paper_3rep_20260716/interactive_repart_20260716_184000/tasks/gpu_rp700_rep3/result.csv
gpu,1,100000000,2000,800,10.6687,187.464,18746.4,56.2392,/pscratch/sd/r/rchanani/LegionSolvers/scratch/profiles/paper_3rep_20260716/interactive_repart_20260716_184000/tasks/gpu_rp800_rep1/gpu.gz,/pscratch/sd/r/rchanani/LegionSolvers/scratch/profiles/paper_3rep_20260716/interactive_repart_20260716_184000/tasks/gpu_rp800_rep1/gpu.log,/pscratch/sd/r/rchanani/LegionSolvers/scratch/profiles/paper_3rep_20260716/interactive_repart_20260716_184000/tasks/gpu_rp800_rep1/result.csv
gpu,2,100000000,2000,800,10.6193,188.337,18833.7,56.5011,/pscratch/sd/r/rchanani/LegionSolvers/scratch/profiles/paper_3rep_20260716/interactive_repart_20260716_184000/tasks/gpu_rp800_rep2/gpu.gz,/pscratch/sd/r/rchanani/LegionSolvers/scratch/profiles/paper_3rep_20260716/interactive_repart_20260716_184000/tasks/gpu_rp800_rep2/gpu.log,/pscratch/sd/r/rchanani/LegionSolvers/scratch/profiles/paper_3rep_20260716/interactive_repart_20260716_184000/tasks/gpu_rp800_rep2/result.csv
gpu,3,100000000,2000,800,10.733,186.341,18634.1,55.9024,/pscratch/sd/r/rchanani/LegionSolvers/scratch/profiles/paper_3rep_20260716/interactive_repart_20260716_184000/tasks/gpu_rp800_rep3/gpu.gz,/pscratch/sd/r/rchanani/LegionSolvers/scratch/profiles/paper_3rep_20260716/interactive_repart_20260716_184000/tasks/gpu_rp800_rep3/gpu.log,/pscratch/sd/r/rchanani/LegionSolvers/scratch/profiles/paper_3rep_20260716/interactive_repart_20260716_184000/tasks/gpu_rp800_rep3/result.csv
gpu,1,100000000,2000,900,10.6927,187.044,18704.4,56.1131,/pscratch/sd/r/rchanani/LegionSolvers/scratch/profiles/paper_3rep_20260716/interactive_repart_20260716_184000/tasks/gpu_rp900_rep1/gpu.gz,/pscratch/sd/r/rchanani/LegionSolvers/scratch/profiles/paper_3rep_20260716/interactive_repart_20260716_184000/tasks/gpu_rp900_rep1/gpu.log,/pscratch/sd/r/rchanani/LegionSolvers/scratch/profiles/paper_3rep_20260716/interactive_repart_20260716_184000/tasks/gpu_rp900_rep1/result.csv
gpu,2,100000000,2000,900,10.6403,187.964,18796.4,56.3892,/pscratch/sd/r/rchanani/LegionSolvers/scratch/profiles/paper_3rep_20260716/interactive_repart_20260716_184000/tasks/gpu_rp900_rep2/gpu.gz,/pscratch/sd/r/rchanani/LegionSolvers/scratch/profiles/paper_3rep_20260716/interactive_repart_20260716_184000/tasks/gpu_rp900_rep2/gpu.log,/pscratch/sd/r/rchanani/LegionSolvers/scratch/profiles/paper_3rep_20260716/interactive_repart_20260716_184000/tasks/gpu_rp900_rep2/result.csv
gpu,3,100000000,2000,900,11.073,180.619,18061.9,54.1857,/pscratch/sd/r/rchanani/LegionSolvers/scratch/profiles/paper_3rep_20260716/interactive_repart_20260716_184000/tasks/gpu_rp900_rep3/gpu.gz,/pscratch/sd/r/rchanani/LegionSolvers/scratch/profiles/paper_3rep_20260716/interactive_repart_20260716_184000/tasks/gpu_rp900_rep3/gpu.log,/pscratch/sd/r/rchanani/LegionSolvers/scratch/profiles/paper_3rep_20260716/interactive_repart_20260716_184000/tasks/gpu_rp900_rep3/result.csv
