app,p,rep,ll_gpu,ll_util,dp_workers,num_nodes,num_edges,num_pieces,field_instance_size,gpu_us,cpu_us,gpu_noisect_us,cpu_isect_us,gpu_isect_us,cpu_noisect_us,speedup,source_file,gx,gy,gz,bx,by,bz,num_cells,num_faces,nzx,nzy,numpcx,numpcy,num_zones,num_sides,num_points
circuit,1,1,1,1,1,1,4500000,1,4500000,4115,115570,4115,115570,4173,103129,28.085055,/pscratch/sd/r/rchanani/realm/.local/paper_3rep_20260716/interactive_weak_20260716_184000/tasks/circuit_p1_rep1.csv,,,,,,,,,,,,,,,
circuit,1,2,1,1,1,1,4500000,1,4500000,4361,115918,4361,115918,4256,103958,26.580601,/pscratch/sd/r/rchanani/realm/.local/paper_3rep_20260716/interactive_weak_20260716_184000/tasks/circuit_p1_rep2.csv,,,,,,,,,,,,,,,
circuit,1,3,1,1,1,1,4500000,1,4500000,4591,115798,4591,115798,4374,103829,25.222827,/pscratch/sd/r/rchanani/realm/.local/paper_3rep_20260716/interactive_weak_20260716_184000/tasks/circuit_p1_rep3.csv,,,,,,,,,,,,,,,
circuit,2,1,2,2,2,2,9000000,2,4500000,4206,120802,4206,120802,4505,622383,28.721350,/pscratch/sd/r/rchanani/realm/.local/paper_3rep_20260716/interactive_weak_20260716_184000/tasks/circuit_p2_rep1.csv,,,,,,,,,,,,,,,
circuit,2,2,2,2,2,2,9000000,2,4500000,4292,118998,4292,118998,4447,571514,27.725536,/pscratch/sd/r/rchanani/realm/.local/paper_3rep_20260716/interactive_weak_20260716_184000/tasks/circuit_p2_rep2.csv,,,,,,,,,,,,,,,
circuit,2,3,2,2,2,2,9000000,2,4500000,4305,119347,4305,119347,4314,1129254,27.722880,/pscratch/sd/r/rchanani/realm/.local/paper_3rep_20260716/interactive_weak_20260716_184000/tasks/circuit_p2_rep3.csv,,,,,,,,,,,,,,,
circuit,3,1,3,3,3,3,13500000,3,4500000,4736,135950,4736,135950,4667,2221985,28.705659,/pscratch/sd/r/rchanani/realm/.local/paper_3rep_20260716/interactive_weak_20260716_184000/tasks/circuit_p3_rep1.csv,,,,,,,,,,,,,,,
circuit,3,2,3,3,3,3,13500000,3,4500000,4816,119254,4816,119254,4559,1683949,24.762043,/pscratch/sd/r/rchanani/realm/.local/paper_3rep_20260716/interactive_weak_20260716_184000/tasks/circuit_p3_rep2.csv,,,,,,,,,,,,,,,
circuit,3,3,3,3,3,3,13500000,3,4500000,4718,120285,4718,120285,4600,2410730,25.494913,/pscratch/sd/r/rchanani/realm/.local/paper_3rep_20260716/interactive_weak_20260716_184000/tasks/circuit_p3_rep3.csv,,,,,,,,,,,,,,,
circuit,4,1,4,4,4,4,18000000,4,4500000,5077,126968,5077,126968,4854,2547700,25.008470,/pscratch/sd/r/rchanani/realm/.local/paper_3rep_20260716/interactive_weak_20260716_184000/tasks/circuit_p4_rep1.csv,,,,,,,,,,,,,,,
circuit,4,2,4,4,4,4,18000000,4,4500000,4861,123930,4861,123930,5554,3189493,25.494754,/pscratch/sd/r/rchanani/realm/.local/paper_3rep_20260716/interactive_weak_20260716_184000/tasks/circuit_p4_rep2.csv,,,,,,,,,,,,,,,
circuit,4,3,4,4,4,4,18000000,4,4500000,4851,234352,4851,234352,5311,2906327,48.310039,/pscratch/sd/r/rchanani/realm/.local/paper_3rep_20260716/interactive_weak_20260716_184000/tasks/circuit_p4_rep3.csv,,,,,,,,,,,,,,,
miniaero,1,1,1,1,1,,,,5781620,6949,112095,6949,112095,6990,97950,16.131098,/pscratch/sd/r/rchanani/realm/.local/paper_3rep_20260716/interactive_weak_20260716_184000/tasks/miniaero_p1_rep1.csv,1,1202,1202,1,1,1,1444804,5781620,,,,,,,
miniaero,1,2,1,1,1,,,,5781620,6965,112100,6965,112100,6774,96294,16.094760,/pscratch/sd/r/rchanani/realm/.local/paper_3rep_20260716/interactive_weak_20260716_184000/tasks/miniaero_p1_rep2.csv,1,1202,1202,1,1,1,1444804,5781620,,,,,,,
miniaero,1,3,1,1,1,,,,5781620,6961,112508,6961,112508,7129,96039,16.162620,/pscratch/sd/r/rchanani/realm/.local/paper_3rep_20260716/interactive_weak_20260716_184000/tasks/miniaero_p1_rep3.csv,1,1202,1202,1,1,1,1444804,5781620,,,,,,,
miniaero,2,1,2,2,2,,,,5781620,8065,125762,8065,125762,8042,1424980,15.593552,/pscratch/sd/r/rchanani/realm/.local/paper_3rep_20260716/interactive_weak_20260716_184000/tasks/miniaero_p2_rep1.csv,2,1202,1202,2,1,1,2889608,11563240,,,,,,,
miniaero,2,2,2,2,2,,,,5781620,7959,122461,7959,122461,8138,917169,15.386481,/pscratch/sd/r/rchanani/realm/.local/paper_3rep_20260716/interactive_weak_20260716_184000/tasks/miniaero_p2_rep2.csv,2,1202,1202,2,1,1,2889608,11563240,,,,,,,
miniaero,2,3,2,2,2,,,,5781620,7909,120576,7909,120576,7874,1518263,15.245417,/pscratch/sd/r/rchanani/realm/.local/paper_3rep_20260716/interactive_weak_20260716_184000/tasks/miniaero_p2_rep3.csv,2,1202,1202,2,1,1,2889608,11563240,,,,,,,
miniaero,3,1,3,3,3,,,,5781620,8836,142240,8836,142240,8920,2400783,16.097782,/pscratch/sd/r/rchanani/realm/.local/paper_3rep_20260716/interactive_weak_20260716_184000/tasks/miniaero_p3_rep1.csv,3,1202,1202,3,1,1,4334412,17344860,,,,,,,
miniaero,3,2,3,3,3,,,,5781620,8558,134293,8558,134293,8919,3512643,15.692101,/pscratch/sd/r/rchanani/realm/.local/paper_3rep_20260716/interactive_weak_20260716_184000/tasks/miniaero_p3_rep2.csv,3,1202,1202,3,1,1,4334412,17344860,,,,,,,
miniaero,3,3,3,3,3,,,,5781620,8690,261831,8690,261831,8605,2538429,30.130150,/pscratch/sd/r/rchanani/realm/.local/paper_3rep_20260716/interactive_weak_20260716_184000/tasks/miniaero_p3_rep3.csv,3,1202,1202,3,1,1,4334412,17344860,,,,,,,
miniaero,4,1,4,4,4,,,,5781620,9066,136408,9066,136408,9127,1886764,15.046106,/pscratch/sd/r/rchanani/realm/.local/paper_3rep_20260716/interactive_weak_20260716_184000/tasks/miniaero_p4_rep1.csv,4,1202,1202,4,1,1,5779216,23126480,,,,,,,
miniaero,4,2,4,4,4,,,,5781620,8889,139640,8889,139640,9286,3861011,15.709304,/pscratch/sd/r/rchanani/realm/.local/paper_3rep_20260716/interactive_weak_20260716_184000/tasks/miniaero_p4_rep2.csv,4,1202,1202,4,1,1,5779216,23126480,,,,,,,
miniaero,4,3,4,4,4,,,,5781620,8928,135285,8928,135285,8947,1652862,15.152890,/pscratch/sd/r/rchanani/realm/.local/paper_3rep_20260716/interactive_weak_20260716_184000/tasks/miniaero_p4_rep3.csv,4,1202,1202,4,1,1,5779216,23126480,,,,,,,
pennant,1,1,1,1,1,,,,5659200,8044,143426,8044,143426,8254,126976,17.830184,/pscratch/sd/r/rchanani/realm/.local/paper_3rep_20260716/interactive_weak_20260716_184000/tasks/pennant_p1_rep1.csv,,,,,,,,,675,2096,1,1,1414800,5659200,1417572
pennant,1,2,1,1,1,,,,5659200,8217,144765,8217,144765,8509,126532,17.617744,/pscratch/sd/r/rchanani/realm/.local/paper_3rep_20260716/interactive_weak_20260716_184000/tasks/pennant_p1_rep2.csv,,,,,,,,,675,2096,1,1,1414800,5659200,1417572
pennant,1,3,1,1,1,,,,5659200,8238,141496,8238,141496,8063,179138,17.176014,/pscratch/sd/r/rchanani/realm/.local/paper_3rep_20260716/interactive_weak_20260716_184000/tasks/pennant_p1_rep3.csv,,,,,,,,,675,2096,1,1,1414800,5659200,1417572
pennant,2,1,2,2,2,,,,5659200,9502,198938,9502,198938,9744,1352661,20.936434,/pscratch/sd/r/rchanani/realm/.local/paper_3rep_20260716/interactive_weak_20260716_184000/tasks/pennant_p2_rep1.csv,,,,,,,,,1350,2096,2,1,2829600,11318400,2833047
pennant,2,2,2,2,2,,,,5659200,9545,193297,9545,193297,9832,420192,20.251126,/pscratch/sd/r/rchanani/realm/.local/paper_3rep_20260716/interactive_weak_20260716_184000/tasks/pennant_p2_rep2.csv,,,,,,,,,1350,2096,2,1,2829600,11318400,2833047
pennant,2,3,2,2,2,,,,5659200,9330,189225,9330,189225,9884,1665307,20.281350,/pscratch/sd/r/rchanani/realm/.local/paper_3rep_20260716/interactive_weak_20260716_184000/tasks/pennant_p2_rep3.csv,,,,,,,,,1350,2096,2,1,2829600,11318400,2833047
pennant,3,1,3,3,3,,,,5659200,9502,191616,9502,191616,9981,2882085,20.165860,/pscratch/sd/r/rchanani/realm/.local/paper_3rep_20260716/interactive_weak_20260716_184000/tasks/pennant_p3_rep1.csv,,,,,,,,,2025,2096,3,1,4244400,16977600,4248522
pennant,3,2,3,3,3,,,,5659200,9757,194654,9757,194654,10078,2963555,19.950190,/pscratch/sd/r/rchanani/realm/.local/paper_3rep_20260716/interactive_weak_20260716_184000/tasks/pennant_p3_rep2.csv,,,,,,,,,2025,2096,3,1,4244400,16977600,4248522
pennant,3,3,3,3,3,,,,5659200,9719,337206,9719,337206,10951,2299959,34.695545,/pscratch/sd/r/rchanani/realm/.local/paper_3rep_20260716/interactive_weak_20260716_184000/tasks/pennant_p3_rep3.csv,,,,,,,,,2025,2096,3,1,4244400,16977600,4248522
pennant,4,1,4,4,4,,,,5659200,8577,198489,8577,198489,9522,1704379,23.142008,/pscratch/sd/r/rchanani/realm/.local/paper_3rep_20260716/interactive_weak_20260716_184000/tasks/pennant_p4_rep1.csv,,,,,,,,,2700,2096,4,1,5659200,22636800,5663997
pennant,4,2,4,4,4,,,,5659200,8661,325921,8661,325921,9247,3944602,37.630874,/pscratch/sd/r/rchanani/realm/.local/paper_3rep_20260716/interactive_weak_20260716_184000/tasks/pennant_p4_rep2.csv,,,,,,,,,2700,2096,4,1,5659200,22636800,5663997
pennant,4,3,4,4,4,,,,5659200,9091,203107,9091,203107,9082,3334456,22.341547,/pscratch/sd/r/rchanani/realm/.local/paper_3rep_20260716/interactive_weak_20260716_184000/tasks/pennant_p4_rep3.csv,,,,,,,,,2700,2096,4,1,5659200,22636800,5663997
